species.ID,long,lat,elevation
Aglyptodactylus_madagascariensis_2,46.9854,-25.0225,53
Aglyptodactylus_madagascariensis_2,49.68,-14.8,784
Aglyptodactylus_madagascariensis_2,49.68,-14.8,784
Aglyptodactylus_madagascariensis_2,49.68,-14.8,784
Aglyptodactylus_madagascariensis_2,48.4,-18.92,947
Aglyptodactylus_madagascariensis_2,48.4,-18.94,947
Aglyptodactylus_madagascariensis_2,48.383333,-18.9,969
Aglyptodactylus_madagascariensis_2,48.383333,-18.9,969
Aglyptodactylus_madagascariensis_2,48.41,-18.91,969
Aglyptodactylus_madagascariensis_2,48.41,-18.91,969
Aglyptodactylus_madagascariensis_2,48.41,-18.91,969
Aglyptodactylus_madagascariensis_2,48.41,-18.91,969
Aglyptodactylus_madagascariensis_2,48.41,-18.91,969
Aglyptodactylus_madagascariensis_2,48.41,-18.91,969
Aglyptodactylus_madagascariensis_2,48.41,-18.91,969
Aglyptodactylus_madagascariensis_2,48.41,-18.91,969
Aglyptodactylus_madagascariensis_2,48.41,-18.91,969
Aglyptodactylus_madagascariensis_2,48.41,-18.91,969
Aglyptodactylus_madagascariensis_2,48.41,-18.91,969
Aglyptodactylus_madagascariensis_2,48.41,-18.91,969
Aglyptodactylus_madagascariensis_2,48.41,-18.91,969
Aglyptodactylus_madagascariensis_2,48.41,-18.91,969
Aglyptodactylus_madagascariensis_2,48.41,-18.91,969
Aglyptodactylus_madagascariensis_2,48.41,-18.91,969
Aglyptodactylus_madagascariensis_2,48.41,-18.91,969
Aglyptodactylus_madagascariensis_2,48.41,-18.91,969
Aglyptodactylus_madagascariensis_2,48.41,-18.91,969
Aglyptodactylus_madagascariensis_2,48.41,-18.91,969
Aglyptodactylus_madagascariensis_2,48.41,-18.91,969
Aglyptodactylus_madagascariensis_2,48.433333,-18.95,974
Aglyptodactylus_madagascariensis_2,48.4587,-18.835,1006
Aglyptodactylus_madagascariensis_2,48.4587,-18.835,1006
Aglyptodactylus_madagascariensis_2,48.4587,-18.835,1006
Aglyptodactylus_madagascariensis_2,48.4587,-18.835,1006
Aglyptodactylus_madagascariensis_2,48.4587,-18.835,1006
Aglyptodactylus_madagascariensis_2,48.4583338,-18.858,1006
Aglyptodactylus_madagascariensis_2,48.2929,-18.5699,1019
Aglyptodactylus_madagascariensis_2,48.2929,-18.5699,1019
Aglyptodactylus_madagascariensis_2,48.2929,-18.5699,1019
Aglyptodactylus_madagascariensis_2,48.2929,-18.5699,1019
Aglyptodactylus_madagascariensis_2,48.2929,-18.5699,1019
Aglyptodactylus_madagascariensis_2,48.2929,-18.5699,1019
Aglyptodactylus_madagascariensis_2,47.6806,-19.6367,1557
Aglyptodactylus_madagascariensis_8,48.41666667,-20.73333333,8
Aglyptodactylus_madagascariensis_8,47.616667,-21.416667,511
Aglyptodactylus_madagascariensis_8,47.543,-21.2456,649
Aglyptodactylus_madagascariensis_8,47.461,-21.321,816
Aglyptodactylus_madagascariensis_8,47.461,-21.321,816
Aglyptodactylus_madagascariensis_8,47.461,-21.321,816
Aglyptodactylus_madagascariensis_8,47.461,-21.321,816
Aglyptodactylus_madagascariensis_8,47.461,-21.321,816
Aglyptodactylus_madagascariensis_8,47.461,-21.321,816
Aglyptodactylus_madagascariensis_8,47.461,-21.321,816
Aglyptodactylus_madagascariensis_8,47.461,-21.321,816
Aglyptodactylus_madagascariensis_8,47.461,-21.321,816
Aglyptodactylus_madagascariensis_8,47.461,-21.321,816
Aglyptodactylus_madagascariensis_8,47.3964,-21.3201,1217
Aglyptodactylus_madagascariensis_8,47.3964,-21.3201,1217
Aglyptodactylus_madagascariensis_8,47.3964,-21.3201,1217
Aglyptodactylus_madagascariensis_8,47.3,-21.033333,1412
Aglyptodactylus_madagascariensis_8,46.9291,-22.2229,2186
Aglyptodactylus_madagascariensis_8,46.9291,-22.2229,2186
Aglyptodactylus_madagascariensis_8,46.9291,-22.2229,2186
Aglyptodactylus_madagascariensis_8,46.9291,-22.2229,2186
Aglyptodactylus_madagascariensis_8,46.9291,-22.2229,2186
Aglyptodactylus_madagascariensis_8,46.9291,-22.2229,2186
Boophis_albilabris_2,49.2285,-17.8883,360
Boophis_albilabris_2,47.61666667,-21.41666667,511
Boophis_albilabris_2,48.86638889,-13.85972222,720
Boophis_albilabris_2,47.48888,-21.3165,816
Boophis_albilabris_2,46.7672,-24.7583,906
Boophis_albilabris_2,48.38333333,-18.9,969
Boophis_albilabris_2,48.43333333,-18.95,974
Boophis_albilabris_2,48.4587,-18.835,1006
Boophis_albilabris_2,48.4587,-18.835,1006
Boophis_albilabris_2,47.456,-21.2367,1104
Boophis_albilabris_2,47.3,-21.21111,1209
Boophis_albilabris_2,47.3,-21.21111,1209
Boophis_albilabris_2,47.3,-21.21111,1209
Boophis_albilabris_2,47.3,-21.21111,1209
Boophis_albilabris_2,47.3,-21.21111,1209
Boophis_albilabris_2,47.3,-21.21111,1209
Boophis_albilabris_2,47.3,-21.21111,1209
Boophis_albilabris_2,47.3,-21.21111,1209
Boophis_albilabris_2,47.3,-21.21111,1209
Boophis_albilabris_2,47.3,-21.21111,1209
Boophis_albilabris_2,47.3,-21.21111,1209
Boophis_albilabris_2,47.3,-21.21111,1209
Boophis_albilabris_2,47.3,-21.21111,1209
Boophis_albilabris_2,47.3,-21.21111,1209
Boophis_albilabris_2,47.3964,-21.3201,1217
Boophis_albilabris_2,48.39333333,-13.97555556,1253
Boophis_albilabris_2,48.39333333,-13.97555556,1253
Boophis_albilabris_2,48.39333333,-13.97555556,1253
Boophis_albilabris_2,48.39333333,-13.97555556,1253
Boophis_albilabris_2,48.39333333,-13.97555556,1253
Boophis_albilabris_2,48.39333333,-13.97555556,1253
Boophis_albilabris_2,48.39333333,-13.97555556,1253
Boophis_albilabris_2,48.39333333,-13.97555556,1253
Boophis_albilabris_2,47.3467,-21.03333333,1323
Boophis_albilabris_2,47.31666667,-21.01666667,1412
Boophis_albilabris_2,47.3181,-20.7745,1635
Boophis_elenae_b182,47.52254722,-21.23531944,660
Boophis_elenae_b182,47.52254722,-21.23531944,660
Boophis_elenae_b182,47.52254722,-21.23531944,660
Boophis_elenae_b182,47.52254722,-21.23531944,660
Boophis_elenae_b182,47.52254722,-21.23531944,660
Boophis_elenae_b182,47.52254722,-21.23531944,660
Boophis_elenae_b182,47.429167,-21.288889,894
Boophis_elenae_b182,47.429167,-21.288889,894
Boophis_elenae_b182,47.41666667,-21.26388889,894
Boophis_elenae_b182,47.429167,-21.288889,894
Boophis_elenae_b182,47.429167,-21.288889,894
Boophis_elenae_b182,47.429167,-21.288889,894
Boophis_elenae_b182,47.429167,-21.288889,894
Boophis_elenae_b182,47.429167,-21.288889,894
Boophis_elenae_b182,47.429167,-21.288889,894
Boophis_elenae_b182,47.429167,-21.288889,894
Boophis_elenae_b182,47.429167,-21.288889,894
Boophis_elenae_b182,47.42621667,-21.24386667,1104
Boophis_elenae_b182,47.42621667,-21.24386667,1104
Boophis_elenae_b182,47.42621667,-21.24386667,1104
Boophis_elenae_b182,47.41238333,-21.26546667,1162
Boophis_elenae_b182,47.41238333,-21.26546667,1162
Boophis_elenae_b182,47.41238333,-21.26546667,1162
Boophis_elenae_b182,47.41238333,-21.26546667,1162
Boophis_elenae_b182,47.41238333,-21.26546667,1162
Boophis_elenae_b182,47.41238333,-21.26546667,1162
Boophis_elenae_b182,47.41238333,-21.26546667,1162
Boophis_elenae_b182,47.41238333,-21.26546667,1162
Boophis_elenae_b182,47.4,-21.25833333,1162
Boophis_elenae_b182,47.39683333,-21.23693333,1163
Boophis_elenae_b182,47.3964,-21.3201,1217
Boophis_elenae_b182,47.31888889,-20.82777778,1482
Boophis_luteus_14,47.18758,-22.79467,588
Boophis_luteus_14,47.4336,-21.2123,1104
Boophis_luteus_14,47.4336,-21.2123,1104
Boophis_luteus_14,47.4336,-21.2123,1104
Boophis_luteus_14,47.4336,-21.2123,1104
Boophis_luteus_14,47.4336,-21.2123,1104
Boophis_luteus_14,47.4336,-21.2123,1104
Boophis_luteus_14,47.4336,-21.2123,1104
Boophis_luteus_14,47.4336,-21.2123,1104
Boophis_luteus_14,47.35,-21.5,1113
Boophis_luteus_14,47.35,-21.5,1113
Boophis_luteus_3,47.5225472,-21.2353194,660
Boophis_luteus_3,47.5225472,-21.2353194,660
Boophis_luteus_3,47.416667,-21.25,894
Boophis_luteus_3,47.4336,-21.2123,1104
Boophis_luteus_3,47.4336,-21.2123,1104
Boophis_luteus_3,47.4336,-21.2123,1104
Boophis_luteus_3,47.4336,-21.2123,1104
Boophis_luteus_3,47.4336,-21.2123,1104
Boophis_luteus_3,47.4336,-21.2123,1104
Boophis_luteus_3,47.4336,-21.2123,1104
Boophis_luteus_3,47.4336,-21.2123,1104
Boophis_luteus_3,47.4336,-21.2123,1104
Boophis_luteus_3,47.4336,-21.2123,1104
Boophis_luteus_3,47.4336,-21.2123,1104
Boophis_luteus_3,47.4336,-21.2123,1104
Boophis_luteus_3,47.4262167,-21.2438667,1104
Boophis_luteus_3,47.4262167,-21.2438667,1104
Boophis_luteus_3,47.4262167,-21.2438667,1104
Boophis_luteus_3,47.4262167,-21.2438667,1104
Boophis_luteus_3,47.4262167,-21.2438667,1104
Boophis_luteus_3,47.35,-21.5,1113
Boophis_luteus_3,47.35,-21.5,1113
Boophis_luteus_3,47.35,-21.5,1113
Boophis_luteus_3,47.35,-21.5,1113
Boophis_luteus_3,47.35,-21.5,1113
Boophis_luteus_3,47.35,-21.5,1113
Boophis_luteus_3,47.35,-21.5,1113
Boophis_luteus_3,47.35,-21.5,1113
Boophis_luteus_3,47.35,-21.5,1113
Boophis_luteus_3,47.4078833,-21.2654667,1162
Boophis_luteus_3,47.3964,-21.3201,1217
Boophis_luteus_5,48.46666667,-18.93333333,915
Boophis_luteus_5,48.46666667,-18.93333333,915
Boophis_luteus_5,48.46666667,-18.93333333,915
Boophis_luteus_5,48.4587,-18.835,1006
Boophis_luteus_5,48.4587,-18.835,1006
Boophis_luteus_5,48.4587,-18.835,1006
Boophis_luteus_5,48.4587,-18.835,1006
Boophis_luteus_5,48.4587,-18.835,1006
Boophis_luteus_5,48.4587,-18.835,1006
Boophis_luteus_5,48.4587,-18.835,1006
Boophis_luteus_5,48.4587,-18.835,1006
Boophis_luteus_5,48.4587,-18.835,1006
Boophis_luteus_5,48.4587,-18.835,1006
Boophis_luteus_5,48.4587,-18.835,1006
Boophis_madagascariensis_a1,48.41666667,-20.73333333,8
Boophis_madagascariensis_a1,49.883,-16.983,32
Boophis_madagascariensis_a1,47.52254722,-21.23531944,660
Boophis_madagascariensis_a1,48.5112,-18.9302,739
Boophis_madagascariensis_a1,48.5112,-18.9302,739
Boophis_madagascariensis_a1,47.429167,-21.288889,894
Boophis_madagascariensis_a1,47.429167,-21.288889,894
Boophis_madagascariensis_a1,47.429167,-21.288889,894
Boophis_madagascariensis_a1,47.429167,-21.288889,894
Boophis_madagascariensis_a1,47.429167,-21.288889,894
Boophis_madagascariensis_a1,47.429167,-21.288889,894
Boophis_madagascariensis_a1,48.46666667,-18.93333333,915
Boophis_madagascariensis_a1,48.46666667,-18.93333333,915
Boophis_madagascariensis_a1,48.46666667,-18.93333333,915
Boophis_madagascariensis_a1,48.46666667,-18.93333333,915
Boophis_madagascariensis_a1,48.46666667,-18.93333333,915
Boophis_madagascariensis_a1,48.46666667,-18.93333333,915
Boophis_madagascariensis_a1,48.46666667,-18.93333333,915
Boophis_madagascariensis_a1,48.46666667,-18.93333333,915
Boophis_madagascariensis_a1,48.46666667,-18.93333333,915
Boophis_madagascariensis_a1,48.46666667,-18.93333333,915
Boophis_madagascariensis_a1,48.46666667,-18.93333333,915
Boophis_madagascariensis_a1,48.4587,-18.835,1006
Boophis_madagascariensis_a1,48.4587,-18.835,1006
Boophis_madagascariensis_a1,48.4587,-18.835,1006
Boophis_madagascariensis_a1,48.4587,-18.835,1006
Boophis_madagascariensis_a1,48.4587,-18.835,1006
Boophis_madagascariensis_a1,48.4587,-18.835,1006
Boophis_madagascariensis_a1,48.4587,-18.835,1006
Boophis_madagascariensis_a1,48.4587,-18.835,1006
Boophis_madagascariensis_a1,48.4587,-18.835,1006
Boophis_madagascariensis_a1,48.4587,-18.835,1006
Boophis_madagascariensis_a1,48.4587,-18.835,1006
Boophis_madagascariensis_a1,47.4262167,-21.2438667,1104
Boophis_madagascariensis_a1,47.4262167,-21.2438667,1104
Boophis_madagascariensis_a1,47.4123833,-21.2654667,1162
Boophis_madagascariensis_a1,47.4123833,-21.2654667,1162
Boophis_madagascariensis_a1,47.4123833,-21.2654667,1162
Boophis_madagascariensis_a1,47.4123833,-21.2654667,1162
Boophis_madagascariensis_a1,47.4123833,-21.2654667,1162
Boophis_madagascariensis_a1,47.4123833,-21.2654667,1162
Boophis_madagascariensis_a1,47.4123833,-21.2654667,1162
Boophis_madagascariensis_a1,47.39683333,-21.23693333,1163
Boophis_madagascariensis_a1,47.3964,-21.3201,1217
Boophis_madagascariensis_a1,47.3964,-21.3201,1217
Boophis_marojezensis_b2,47.52254722,-21.24525,660
Boophis_marojezensis_b2,47.52254722,-21.24525,660
Boophis_marojezensis_b2,47.52254722,-21.24525,660
Boophis_marojezensis_b2,47.52254722,-21.24525,660
Boophis_marojezensis_b2,47.416667,-21.25,894
Boophis_marojezensis_b2,47.416667,-21.25,894
Boophis_marojezensis_b2,47.416667,-21.25,894
Boophis_marojezensis_b2,47.416667,-21.25,894
Boophis_marojezensis_b2,47.416667,-21.25,894
Boophis_marojezensis_b2,47.416667,-21.25,894
Boophis_marojezensis_b2,47.416667,-21.25,894
Boophis_marojezensis_b2,47.42621667,-21.24386667,1104
Boophis_quasiboehmei_2,47.42246667,-21.25195,894
Boophis_quasiboehmei_2,47.42246667,-21.25195,894
Boophis_quasiboehmei_2,47.42246667,-21.25195,894
Boophis_quasiboehmei_2,47.42246667,-21.25195,894
Boophis_quasiboehmei_2,47.42246667,-21.25195,894
Boophis_quasiboehmei_2,47.31888889,-20.82777778,1482
Boophis_quasiboehmei_2,47.31888889,-20.82777778,1482
Boophis_quasiboehmei_2,47.31888889,-20.82777778,1482
Boophis_quasiboehmei_2,47.31888889,-20.82777778,1482
Boophis_quasiboehmei_2,47.31888889,-20.82777778,1482
Boophis_quasiboehmei_2,47.31888889,-20.82777778,1482
Boophis_quasiboehmei_2,47.31888889,-20.82777778,1482
Boophis_quasiboehmei_2,47.31861111,-20.82833333,1482
Boophis_quasiboehmei_2,47.31861111,-20.82833333,1482
Boophis_quasiboehmei_2,47.31861111,-20.82833333,1482
Boophis_quasiboehmei_2,47.31861111,-20.82833333,1482
Boophis_quasiboehmei_2,47.31861111,-20.82833333,1482
Boophis_quasiboehmei_2,47.31861111,-20.82833333,1482
Boophis_quasiboehmei_2,47.31861111,-20.82833333,1482
Boophis_quasiboehmei_2,47.31861111,-20.82833333,1482
Boophis_quasiboehmei_2,47.31861111,-20.82833333,1482
Boophis_quasiboehmei_2,47.31861111,-20.82833333,1482
Boophis_quasiboehmei_2,47.31861111,-20.82833333,1482
Boophis_quasiboehmei_2,47.31861111,-20.82833333,1482
Boophis_quasiboehmei_2,47.31861111,-20.82833333,1482
Boophis_quasiboehmei_2,47.31861111,-20.82833333,1482
Boophis_quasiboehmei_2,47.31861111,-20.82833333,1482
Boophis_quasiboehmei_2,47.31861111,-20.82833333,1482
Boophis_quasiboehmei_2,47.31861111,-20.82833333,1482
Boophis_quasiboehmei_2,47.31861111,-20.82833333,1482
Boophis_quasiboehmei_3,47.52254722,-21.24525,660
Boophis_quasiboehmei_3,47.416667,-21.25,894
Boophis_quasiboehmei_3,47.416667,-21.25,894
Boophis_quasiboehmei_3,47.416667,-21.25,894
Boophis_quasiboehmei_3,47.416667,-21.25,894
Boophis_quasiboehmei_3,47.416667,-21.25,894
Boophis_quasiboehmei_3,47.45,-21.25,894
Boophis_quasiboehmei_3,47.45,-21.25,894
Boophis_quasiboehmei_3,47.45,-21.25,894
Boophis_quasiboehmei_3,47.45,-21.25,894
Boophis_quasiboehmei_3,47.45,-21.25,894
Boophis_quasiboehmei_3,47.45,-21.25,894
Boophis_quasiboehmei_3,47.42621667,-21.24386667,1104
Boophis_quasiboehmei_3,47.42621667,-21.24386667,1104
Boophis_quasiboehmei_3,47.42621667,-21.24386667,1104
Boophis_quasiboehmei_3,47.42621667,-21.24386667,1104
Boophis_quasiboehmei_3,47.42621667,-21.24386667,1104
Boophis_quasiboehmei_3,47.35,-21.5,1113
Boophis_quasiboehmei_3,47.35,-21.5,1113
Boophis_quasiboehmei_a,47.52254722,-21.23531944,660
Boophis_quasiboehmei_a,47.52254722,-21.23531944,660
Boophis_quasiboehmei_a,47.52254722,-21.23531944,660
Boophis_quasiboehmei_a,47.52254722,-21.23531944,660
Boophis_quasiboehmei_a,47.42621667,-21.24386667,1104
Boophis_quasiboehmei_a,47.42621667,-21.24386667,1104
Boophis_quasiboehmei_a,47.42621667,-21.24386667,1104
Boophis_quasiboehmei_a,47.42621667,-21.24386667,1104
Boophis_tasymena_1,47.46667,-21.26667,684
Boophis_tasymena_1,47.433333,-21.25,894
Boophis_tasymena_1,47.433333,-21.25,894
Boophis_tasymena_1,47.433333,-21.25,894
Boophis_tasymena_1,47.429167,-21.288889,894
Boophis_tasymena_1,47.433333,-21.25,894
Boophis_tasymena_1,47.433333,-21.25,894
Boophis_tasymena_1,47.429167,-21.288889,894
Boophis_tasymena_1,47.46563333,-21.24215,1014
Boophis_tasymena_1,47.46563333,-21.24215,1014
Boophis_tasymena_1,47.46563333,-21.24215,1014
Boophis_tasymena_1,47.42948333,-21.24828333,1104
Boophis_tasymena_1,47.39683333,-21.23693333,1163
Boophis_tasymena_1,47.35971667,-21.25793333,1179
Boophis_tasymena_1,47.35971667,-21.25793333,1179
Boophis_tasymena_1,47.35971667,-21.25793333,1179
Boophis_tasymena_1,47.35971667,-21.25793333,1179
Boophis_tasymena_1,47.35971667,-21.25793333,1179
Boophis_tasymena_1,47.35971667,-21.25793333,1179
Boophis_tasymena_1,47.36666667,-21.21666667,1183
Boophis_tasymena_1,47.36666667,-21.21666667,1183
Boophis_tasymena_1,47.36666667,-21.21666667,1183
Boophis_tasymena_1,47.36666667,-21.21666667,1183
Boophis_tasymena_1,47.37028333,-21.22561667,1183
Boophis_tasymena_1,47.37028333,-21.22561667,1183
Boophis_tasymena_1,47.36666667,-21.21666667,1183
Boophis_tasymena_1,47.36666667,-21.21666667,1183
Boophis_tasymena_1,47.36666667,-21.21666667,1183
Boophis_tasymena_1,47.36666667,-21.21666667,1183
Boophis_tasymena_1,47.36666667,-21.21666667,1183
Boophis_tasymena_1,47.361417,-21.336317,1195
Calumma_boettgeri_2,49.2,-12.4833,643
Calumma_boettgeri_2,49.2,-12.4833,643
Calumma_boettgeri_2,49.1637,-12.6365,887
Calumma_boettgeri_2,49.1637,-12.6365,887
Calumma_boettgeri_2,49.1637,-12.6365,887
Calumma_boettgeri_2,49.19083333,-12.51194444,951
Calumma_boettgeri_2,49.19083333,-12.51194444,951
Calumma_boettgeri_2,49.19027778,-12.50358333,951
Calumma_boettgeri_2,49.19027778,-12.50358333,951
Calumma_boettgeri_2,49.19083333,-12.51194444,951
Calumma_boettgeri_2,49.19083333,-12.51194444,951
Calumma_boettgeri_2,49.19083333,-12.51194444,951
Calumma_boettgeri_2,49.19083333,-12.51194444,951
Calumma_boettgeri_2,49.19083333,-12.51194444,951
Calumma_boettgeri_2,49.19083333,-12.51194444,951
Calumma_boettgeri_2,49.17194,-12.52694,951
Calumma_boettgeri_2,49.17194,-12.52694,951
Calumma_boettgeri_2,49.17194,-12.52694,951
Calumma_boettgeri_2,49.17194,-12.52694,951
Calumma_boettgeri_2,49.17666667,-12.51666667,951
Calumma_boettgeri_2,49.17666667,-12.51666667,951
Calumma_boettgeri_2,49.17666667,-12.51666667,951
Calumma_boettgeri_2,49.17666667,-12.51666667,951
Calumma_nasutum_6,46.84027778,-24.73833333,579
Calumma_nasutum_6,46.84027778,-24.73833333,579
Calumma_nasutum_6,46.84027778,-24.73833333,579
Calumma_nasutum_6,46.84027778,-24.73833333,579
Calumma_nasutum_6,46.79533333,-24.72583333,644
Calumma_nasutum_6,46.79533333,-24.72583333,644
Calumma_nasutum_6,46.79533333,-24.72583333,644
Calumma_nasutum_6,46.79533333,-24.72577778,644
Calumma_nasutum_6,46.79069444,-24.72977778,788
Calumma_nasutum_6,46.79069444,-24.72977778,788
Calumma_nasutum_7,48.2007139,-19.434742,671
Calumma_nasutum_7,48.2007139,-19.434742,671
Calumma_nasutum_7,48.20855,-19.428017,691
Calumma_nasutum_7,48.20855,-19.428017,691
Calumma_nasutum_7,48.20855,-19.428017,691
Calumma_nasutum_7,48.20855,-19.428017,691
Calumma_nasutum_7,48.3165278,-19.543111,786
Calumma_nasutum_7,48.3165278,-19.543111,786
Calumma_nasutum_7,48.2229,-19.3306,919
Calumma_nasutum_7,48.50972,-18.96611,944
Calumma_nasutum_7,48.50972,-18.96611,944
Calumma_nasutum_7,48.4167,-18.9333,974
Calumma_nasutum_7,47.9396194,-18.449767,1315
Calumma_nasutum_7,47.9396194,-18.449767,1315
Dromicodryas_bernieri_1,46.885393,-25.06099,3
Dromicodryas_bernieri_1,46.885393,-25.06099,3
Dromicodryas_bernieri_1,48.393783,-21.121667,4
Dromicodryas_bernieri_1,43.25166,-22.135262,7
Dromicodryas_bernieri_1,43.890217,-20.900998,11
Dromicodryas_bernieri_1,49.476467,-17.815117,12
Dromicodryas_bernieri_1,43.39553,-22.867149,24
Dromicodryas_bernieri_1,45.531433,-25.568967,25
Dromicodryas_bernieri_1,47.5166667,-23.666667,41
Dromicodryas_bernieri_1,47.516667,-23.666667,41
Dromicodryas_bernieri_1,49.703127,-16.674977,140
Dromicodryas_bernieri_1,48.283333,-14.066666,231
Dromicodryas_bernieri_1,45.64235,-23.9853,660
Dromicodryas_bernieri_1,46.287467,-19.56929,824
Dromicodryas_bernieri_1,44.711666,-22.843333,842
Dromicodryas_bernieri_1,46.205,-23.461667,846
Dromicodryas_bernieri_1,46.1406667,-22.943,1029
Dromicodryas_bernieri_1,46.1406667,-22.943,1029
Dromicodryas_quadrilineatus_3,45.770193,-15.914705,8
Dromicodryas_quadrilineatus_3,49.26973,-12.1907,33
Dromicodryas_quadrilineatus_3,49.966666,-13.933333,60
Dromicodryas_quadrilineatus_3,43.873683,-21.859866,68
Dromicodryas_quadrilineatus_3,49.05586,-12.93111,102
Dromicodryas_quadrilineatus_3,49.05586,-12.93111,102
Dromicodryas_quadrilineatus_3,47.0049,-16.80897,117
Dromicodryas_quadrilineatus_3,48.3,-13.4,132
Dromicodryas_quadrilineatus_3,50.316666,-15.283333,139
Dromicodryas_quadrilineatus_3,49.35818,-12.33429,210
Dromicodryas_quadrilineatus_3,47.416133,-16.629817,246
Dromicodryas_quadrilineatus_3,45.11436,-21.59586,290
Dromicodryas_quadrilineatus_3,49.865972,-13.549472,450
Dromicodryas_quadrilineatus_3,49.25,-12.533333,461
Dromicodryas_quadrilineatus_3,49.716833,-13.437945,504
Dromicodryas_quadrilineatus_3,48.848287,-13.855984,720
Dromicodryas_quadrilineatus_3,49.55,-14.46,978
Furcifer_oustaleti_1,44.62716,-25.10606,55
Furcifer_oustaleti_1,44.99264,-21.67139,199
Furcifer_oustaleti_1,44.44364,-22.88541,383
Furcifer_oustaleti_1,46.61594,-20.58005,1431
Furcifer_oustaleti_1,46.61618,-20.5798,1431
Furcifer_oustaleti_1,46.61618,-20.5798,1431
Furcifer_oustaleti_2,46.40367,-15.70968,11
Furcifer_oustaleti_2,46.40367,-15.70968,11
Furcifer_oustaleti_2,46.40389,-15.71013,11
Furcifer_oustaleti_2,46.40389,-15.71013,11
Furcifer_oustaleti_2,46.40367,-15.70968,11
Furcifer_oustaleti_2,46.40367,-15.70968,11
Furcifer_oustaleti_2,47.0492,-16.56241,36
Furcifer_oustaleti_2,47.56658,-15.75495,40
Furcifer_oustaleti_2,47.56658,-15.75495,40
Furcifer_oustaleti_2,46.8333,-16.95,47
Furcifer_oustaleti_2,47.63633,-15.96325,48
Furcifer_oustaleti_2,47.64484,-16.02773,48
Furcifer_oustaleti_2,47.64959,-15.9951,48
Furcifer_oustaleti_2,47.63633,-15.96325,48
Furcifer_oustaleti_2,47.64484,-16.02773,48
Furcifer_oustaleti_2,47.64484,-16.02773,48
Furcifer_oustaleti_2,47.6258,-15.86857,49
Furcifer_oustaleti_2,47.65954,-16.0657,54
Furcifer_oustaleti_2,47.65954,-16.0657,54
Furcifer_oustaleti_2,47.08983,-16.61466,57
Furcifer_oustaleti_2,47.38393,-16.16984,84
Furcifer_oustaleti_2,47.73171,-16.07502,128
Furcifer_oustaleti_2,47.73171,-16.07502,128
Furcifer_oustaleti_2,47.73171,-16.07502,128
Furcifer_oustaleti_2,47.73171,-16.07502,128
Furcifer_oustaleti_2,46.81743,-16.31395,146
Furcifer_oustaleti_2,47.45768,-16.6228,293
Furcifer_oustaleti_2,47.45768,-16.6228,293
Furcifer_oustaleti_2,47.45768,-16.6228,293
Furcifer_oustaleti_2,47.45768,-16.6228,293
Furcifer_oustaleti_2,47.45381,-16.63531,303
Furcifer_pardalis_1,48.479,-13.61885,11
Furcifer_pardalis_1,48.479,-13.61885,11
Furcifer_pardalis_1,48.42538333,-13.6216333,12
Furcifer_pardalis_1,48.42538333,-13.6216333,12
Furcifer_pardalis_1,48.42538333,-13.6216333,12
Furcifer_pardalis_1,48.42538333,-13.6216333,12
Furcifer_pardalis_1,48.77635,-13.4393333,17
Furcifer_pardalis_1,48.77635,-13.4393333,17
Furcifer_pardalis_1,48.4503,-13.6441167,18
Furcifer_pardalis_1,48.4503,-13.6441167,18
Furcifer_pardalis_1,48.45456667,-13.6399667,18
Furcifer_pardalis_1,48.4549,-13.6400667,18
Furcifer_pardalis_1,48.4549,-13.6400667,18
Furcifer_pardalis_1,48.45498333,-13.6397,18
Furcifer_pardalis_1,48.44831667,-13.65275,18
Furcifer_pardalis_1,48.43883333,-13.64455,18
Furcifer_pardalis_1,48.43418333,-13.6299833,18
Furcifer_pardalis_1,48.43393333,-13.62925,18
Furcifer_pardalis_1,48.5207,-13.4499,19
Furcifer_pardalis_1,48.51826667,-13.4505333,19
Furcifer_pardalis_1,48.51016667,-13.4355833,19
Furcifer_pardalis_1,48.52328333,-13.4491667,19
Furcifer_pardalis_1,48.53331667,-13.4538667,19
Furcifer_pardalis_1,48.72905,-13.4824667,27
Furcifer_pardalis_1,48.1954333,-13.2989167,34
Furcifer_pardalis_1,48.53895,-13.4632333,38
Furcifer_pardalis_1,48.5642,-13.4979833,51
Furcifer_pardalis_1,48.3444833,-13.4459667,126
Furcifer_pardalis_1,48.3410667,-13.44785,126
Furcifer_pardalis_1,48.3581667,-13.4546,126
Furcifer_pardalis_1,48.3573667,-13.4556333,126
Furcifer_pardalis_1,48.3570167,-13.4559333,126
Furcifer_pardalis_1,48.35605,-13.4571833,126
Furcifer_pardalis_1,48.35595,-13.4577833,126
Furcifer_pardalis_1,48.34425,-13.4538167,126
Furcifer_pardalis_1,48.34391667,-13.4535333,126
Furcifer_pardalis_1,48.3413,-13.4497,126
Furcifer_pardalis_1,48.35606667,-13.4596667,282
Furcifer_pardalis_11,49.98096667,-13.36585,20
Furcifer_pardalis_11,49.98196667,-13.36668333,20
Furcifer_pardalis_11,49.94185,-13.43833333,22
Furcifer_pardalis_11,49.94153333,-13.4384,22
Furcifer_pardalis_11,49.99961667,-13.71025,22
Furcifer_pardalis_11,49.98526667,-13.72343333,22
Furcifer_pardalis_11,50.05941667,-14.08153333,30
Furcifer_pardalis_11,49.9872,-13.54993333,46
Furcifer_pardalis_11,49.98675,-13.54985,46
Furcifer_pardalis_11,49.98673333,-13.54981667,46
Furcifer_pardalis_11,49.98673333,-13.54981667,46
Furcifer_pardalis_11,49.98673333,-13.54881667,46
Furcifer_pardalis_11,49.98245,-13.54901667,46
Furcifer_pardalis_11,49.98245,-13.54901667,46
Furcifer_pardalis_11,49.98241667,-13.54905,46
Furcifer_pardalis_11,49.98245,-13.54906667,46
Furcifer_pardalis_11,49.95335,-13.7842,71
Furcifer_pardalis_11,49.95598333,-13.90946667,88
Furcifer_pardalis_11,49.95608333,-13.90785,88
Furcifer_pardalis_11,49.02098333,-13.68318333,924
Furcifer_pardalis_11,49.02116667,-13.68328333,924
Furcifer_pardalis_13,50.155,-14.42585,15
Furcifer_pardalis_13,50.155,-14.42585,15
Furcifer_pardalis_13,50.16646667,-14.57043333,15
Furcifer_pardalis_13,50.19368333,-14.63643333,15
Furcifer_pardalis_13,50.19378333,-14.6365,15
Furcifer_pardalis_13,50.20143333,-14.64926667,15
Furcifer_pardalis_13,50.3029,-14.95448333,15
Furcifer_pardalis_13,50.26483333,-14.87478333,16
Furcifer_pardalis_13,50.26483333,-14.87478333,16
Furcifer_pardalis_13,50.25945,-14.85536667,16
Furcifer_pardalis_13,50.25953333,-14.85543333,16
Furcifer_pardalis_13,50.25953333,-14.85543333,16
Furcifer_pardalis_13,50.25953333,-14.85543333,16
Furcifer_pardalis_13,50.16615,-14.53965,17
Furcifer_pardalis_13,50.16616667,-14.53965,17
Furcifer_pardalis_13,50.16616667,-14.53965,17
Furcifer_pardalis_13,50.21855,-14.7193,21
Furcifer_pardalis_13,50.21845,-14.71935,21
Furcifer_pardalis_13,50.21845,-14.71935,21
Furcifer_pardalis_13,50.21898333,-14.74333333,21
Furcifer_pardalis_13,50.21898333,-14.74333333,21
Furcifer_pardalis_13,50.31226667,-14.99301667,21
Furcifer_pardalis_13,50.31226667,-14.99301667,21
Furcifer_pardalis_13,50.31256667,-14.99371667,21
Furcifer_pardalis_13,50.31386667,-14.99623333,21
Furcifer_pardalis_13,50.31386667,-14.99623333,21
Furcifer_pardalis_13,50.31386667,-14.99623333,21
Furcifer_pardalis_13,50.04546667,-14.0762,30
Furcifer_pardalis_13,50.07823333,-14.267,42
Furcifer_pardalis_13,50.07473333,-14.26808333,42
Furcifer_pardalis_13,50.05228333,-14.26808333,42
Furcifer_pardalis_13,50.04238333,-14.28406667,42
Furcifer_pardalis_13,49.9693,-13.98058333,45
Furcifer_pardalis_13,49.99358333,-14.0233,58
Furcifer_pardalis_13,49.9678,-13.93951667,60
Furcifer_pardalis_13,49.96773333,-13.9396,60
Furcifer_pardalis_13,50.05205,-14.20753333,100
Furcifer_pardalis_13,50.05198333,-14.20746667,100
Furcifer_pardalis_13,50.052,-14.20748333,100
Furcifer_pardalis_13,49.86583333,-14.52886667,103
Furcifer_pardalis_13,49.82353333,-16.42136667,104
Furcifer_pardalis_13,49.9566,-14.39453333,148
Furcifer_pardalis_13,49.62295,-14.64661667,476
Furcifer_pardalis_13,49.62233333,-14.64826667,476
Furcifer_pardalis_13,49.62231667,-14.64833333,476
Furcifer_pardalis_13,49.62223333,-14.64868333,476
Furcifer_pardalis_13,49.62223333,-14.64868333,476
Furcifer_pardalis_13,49.62223333,-14.64868333,476
Furcifer_pardalis_13,49.62223333,-14.64868333,476
Furcifer_pardalis_13,49.6213,-14.65641667,476
Furcifer_pardalis_13,49.61948333,-14.65671667,476
Furcifer_pardalis_13,49.61945,-14.65668333,476
Furcifer_pardalis_13,49.61945,-14.65668333,476
Furcifer_pardalis_13,49.61945,-14.65668333,476
Furcifer_pardalis_13,49.61941667,-14.65668333,476
Furcifer_pardalis_13,49.61711667,-14.6637,476
Furcifer_pardalis_13,49.6171,-14.66366667,476
Furcifer_pardalis_13,49.6171,-14.66366667,476
Furcifer_pardalis_13,49.62151667,-14.64883333,476
Furcifer_pardalis_13,49.6327,-14.63915,511
Furcifer_pardalis_13,50.14538,14.24908,6
Furcifer_pardalis_13,50.11276,-14.22445,29
Furcifer_pardalis_13,50.26808333,-14.26808333,29
Furcifer_pardalis_13,50.17319,-14.56232,11
Furcifer_pardalis_13,50.21576,-14.78551,8
Furcifer_pardalis_14,49.53931667,-17.733934,11
Furcifer_pardalis_14,49.484,-17.733934,11
Furcifer_pardalis_14,49.93915,-16.8944,16
Furcifer_pardalis_14,49.94115,-16.8944,16
Furcifer_pardalis_14,49.94115,-16.8944,16
Furcifer_pardalis_14,49.9568,-16.8944,16
Furcifer_pardalis_14,49.93693333,-16.8944,16
Furcifer_pardalis_14,49.46883333,-17.669786,19
Furcifer_pardalis_14,50.05195,-13.613172,22
Furcifer_pardalis_14,50.05196667,-13.613172,22
Furcifer_pardalis_14,50.05203333,-13.613172,22
Furcifer_pardalis_14,49.56776667,-16.906893,24
Furcifer_pardalis_14,48.6038,-12.8994,31
Furcifer_pardalis_14,48.6038,-12.8994,31
Furcifer_pardalis_14,48.6038,-12.8994,31
Furcifer_pardalis_14,49.72115,-16.668717,34
Furcifer_pardalis_14,49.40521667,-17.267674,37
Furcifer_pardalis_14,49.85758333,-16.8944,46
Furcifer_pardalis_14,49.85356667,-16.8944,46
Furcifer_pardalis_14,49.8544,-16.8944,46
Furcifer_pardalis_14,49.85793333,-16.8944,46
Furcifer_pardalis_14,49.85835,-16.8944,46
Furcifer_pardalis_14,49.85618333,-16.8944,46
Furcifer_pardalis_14,49.8726,-16.8944,46
Furcifer_pardalis_14,49.0514,-13.2026,48
Furcifer_pardalis_14,49.0514,-13.2026,48
Furcifer_pardalis_14,49.0514,-13.2026,48
Furcifer_pardalis_14,49.0514,-13.2026,48
Furcifer_pardalis_14,49.88916667,-16.8944,51
Furcifer_pardalis_14,49.88928333,-16.8944,51
Furcifer_pardalis_14,49.88928333,-16.8944,51
Furcifer_pardalis_14,49.89186667,-16.8944,51
Furcifer_pardalis_14,49.89195,-16.8944,51
Furcifer_pardalis_14,49.89195,-16.8944,51
Furcifer_pardalis_14,49.89195,-16.8944,51
Furcifer_pardalis_14,49.89313333,-16.8944,51
Furcifer_pardalis_14,49.90338333,-16.8944,51
Furcifer_pardalis_14,49.90353333,-16.8944,51
Furcifer_pardalis_14,49.90575,-16.8944,51
Furcifer_pardalis_14,49.9083,-16.8944,51
Furcifer_pardalis_14,49.90605,-16.8944,51
Furcifer_pardalis_14,49.90248333,-16.8944,51
Furcifer_pardalis_14,49.90188333,-16.8944,51
Furcifer_pardalis_14,49.40536667,-17.733934,61
Furcifer_pardalis_14,49.48408333,-16.999956,88
Furcifer_pardalis_14,49.46883333,-16.906893,175
Furcifer_pardalis_14,48.4503,-14.971077,248
Furcifer_pardalis_14,48.4503,-15.013231,253
Furcifer_pardalis_14,49.4,-13.283,359
Furcifer_pardalis_14,49.58646667,-16.426497,397
Furcifer_pardalis_14,49.45926667,-16.668717,409
Furcifer_pardalis_14,49.47481667,-16.668717,409
Furcifer_pardalis_14,49.3752,-16.426497,513
Furcifer_pardalis_14,49.40528333,-16.426497,513
Furcifer_pardalis_14,48.4503,-14.351876,785
Furcifer_pardalis_14,48.4503,-14.69922,855
Furcifer_pardalis_14,48.4503,-14.492757,1022
Furcifer_pardalis_14,49.50413,-17.06617,47
Furcifer_pardalis_14,49.63003,-16.84948,6
Furcifer_pardalis_14,49.43546,-17.50413,21
Furcifer_pardalis_14,49.45743,-17.56699,27
Furcifer_pardalis_14,49.41898,-17.44388,11
Furcifer_pardalis_14,49.46523,-17.14366,38
Furcifer_pardalis_14,49.43228,-17.22238,8
Furcifer_pardalis_14,49.36535,-18.23457,13
Furcifer_pardalis_14,49.29874,-18.46268,20
Furcifer_pardalis_3,48.20921667,-13.38283333,25
Furcifer_pardalis_3,48.20863333,-13.38328333,25
Furcifer_pardalis_3,48.20841667,-13.38355,25
Furcifer_pardalis_3,48.36245,-13.58545,26
Furcifer_pardalis_3,48.1883,-13.33438333,28
Furcifer_pardalis_3,48.1883,-13.33438333,28
Furcifer_pardalis_3,48.1883,-13.33438333,28
Furcifer_pardalis_3,48.19128333,-13.31121667,34
Furcifer_pardalis_3,48.27778333,-13.38121667,48
Furcifer_pardalis_3,48.27741667,-13.38145,48
Furcifer_pardalis_3,48.27751667,-13.38135,48
Furcifer_pardalis_3,48.27876667,-13.37686667,48
Furcifer_pardalis_3,48.30621667,-13.33281667,55
Furcifer_pardalis_3,48.30621667,-13.33281667,55
Furcifer_pardalis_3,48.28025,-13.36235,111
Furcifer_pardalis_3,48.20896667,-13.38323333,28
Furcifer_pardalis_7,49.35225,-12.62981667,216
Furcifer_pardalis_7,49.35286667,-12.62903333,216
Furcifer_pardalis_7,49.35716667,-12.62638333,216
Furcifer_pardalis_7,49.35731667,-12.55428333,265
Furcifer_pardalis_7,49.34613333,-12.55445,265
Furcifer_pardalis_7,49.3433,-12.556,265
Furcifer_pardalis_7,49.34205,-12.55941667,265
Furcifer_pardalis_7,49.34243333,-12.55835,265
Furcifer_pardalis_7,49.34243333,-12.55835,265
Furcifer_pardalis_7,49.3417,-12.56028333,265
Furcifer_pardalis_7,49.34178333,-12.56011667,265
Furcifer_pardalis_7,49.33948333,-12.56318333,265
Furcifer_pardalis_7,49.33953333,-12.56313333,265
Furcifer_pardalis_7,49.34018333,-12.56508333,265
Furcifer_pardalis_7,49.3389,-12.57201667,265
Furcifer_pardalis_7,49.33773333,-12.57143333,265
Furcifer_pardalis_7,49.33958333,-12.57141667,265
Furcifer_pardalis_7,49.32058333,-12.57508333,351
Furcifer_pardalis_7,49.32026667,-12.57516667,351
Furcifer_pardalis_7,49.3206,-12.5751,351
Furcifer_pardalis_7,49.3208,-12.57505,351
Furcifer_pardalis_7,49.30736667,-12.57625,351
Furcifer_pardalis_7,49.30738333,-12.57623333,351
Furcifer_pardalis_7,49.29908333,-12.578,351
Furcifer_pardalis_7,49.2989,-12.57798333,351
Furcifer_pardalis_7,49.30993333,-12.57611667,351
Furcifer_pardalis_7,49.03585,-12.50008333,365
Furcifer_pardalis_7,49.2846,-12.57443333,471
Furcifer_pardalis_7,49.28456667,-12.57441667,471
Furcifer_pardalis_7,49.203,-12.49796667,643
Furcifer_pardalis_7,49.21551667,-12.50165,657
Furcifer_pardalis_7,49.19296667,-12.5098,951
Furcifer_pardalis_7,49.1935,-12.5082,951
Furcifer_pardalis_7,49.19355,-12.50811667,951
Furcifer_pardalis_7,49.19423333,-12.50736667,951
Furcifer_pardalis_7,49.19445,-12.50703333,951
Furcifer_pardalis_7,49.19471667,-12.5068,951
Furcifer_pardalis_7,49.19586667,-12.50551667,951
Furcifer_pardalis_7,49.19848333,-12.50378333,951
Furcifer_pardalis_7,49.19851667,-12.50366667,951
Furcifer_pardalis_7,49.19983333,-12.50301667,951
Furcifer_pardalis_7,49.19983333,-12.50301667,951
Furcifer_pardalis_7,49.20146667,-12.5027,951
Furcifer_pardalis_7,49.20146667,-12.5027,951
Furcifer_pardalis_8,49.3462,-12.08006667,8
Furcifer_pardalis_8,49.35228333,-12.2347,25
Furcifer_pardalis_8,49.34636667,-12.24628333,25
Furcifer_pardalis_8,49.28103333,-12.3273,27
Furcifer_pardalis_8,49.2799,-12.32271667,27
Furcifer_pardalis_8,49.27985,-12.32278333,27
Furcifer_pardalis_8,49.15226667,-12.31625,37
Furcifer_pardalis_8,49.1524,-12.31631667,37
Furcifer_pardalis_8,49.24481667,-12.33436667,45
Furcifer_pardalis_8,49.24481667,-12.33436667,45
Furcifer_pardalis_8,49.24481667,-12.33406667,45
Furcifer_pardalis_8,49.2448,-12.33441667,45
Furcifer_pardalis_8,49.24486667,-12.33528333,45
Furcifer_pardalis_8,49.24511667,-12.34103333,45
Furcifer_pardalis_8,49.23461667,-12.3602,45
Furcifer_pardalis_8,49.23458333,-12.36061667,45
Furcifer_pardalis_8,49.23456667,-12.36055,45
Furcifer_pardalis_8,49.23456667,-12.3605,45
Furcifer_pardalis_8,49.2343,-12.36278333,45
Furcifer_pardalis_8,49.23066667,-12.37015,45
Furcifer_pardalis_8,49.23221667,-12.36465,45
Furcifer_pardalis_8,49.23221667,-12.36466667,45
Furcifer_pardalis_8,49.22798333,-12.38183333,170
Furcifer_pardalis_8,49.22741667,-12.37615,170
Furcifer_pardalis_8,49.22735,-12.3762,170
Furcifer_pardalis_8,49.258,-12.44725,343
Furcifer_pardalis_8,49.258,-12.44725,343
Furcifer_pardalis_8,49.23798333,-12.45816667,350
Furcifer_pardalis_8,49.22853333,-12.46635,523
Furcifer_viridis_3,45.326836,-16.101992,5
Furcifer_viridis_3,45.51848,-16.1237,25
Furcifer_viridis_3,45.988683,-15.9207166,27
Furcifer_viridis_3,44.47,-18.778333,30
Furcifer_viridis_3,44.6,-19.983333,31
Furcifer_viridis_3,44.54654,-20.12883,35
Furcifer_viridis_3,46.8333,-16.95,47
Furcifer_viridis_3,48.09105,-14.189071,62
Furcifer_viridis_3,44.78119,-20.40857,95
Furcifer_viridis_3,48.6,-13.983333,115
Furcifer_viridis_3,44.593333,-18.531667,178
Furcifer_viridis_3,44.593333,-18.531667,178
Furcifer_viridis_3,47.45768,-16.6228,293
Furcifer_viridis_3,47.45768,-16.6228,293
Furcifer_viridis_3,47.4224833,-16.650433,303
Furcifer_viridis_3,49.6,-13.66667,547
Furcifer_viridis_3,46.93396,-17.59485,632
Furcifer_viridis_3,46.9847,-17.66528,730
Furcifer_viridis_3,46.115883,-19.689783,794
Furcifer_viridis_3,46.287467,-19.56925,824
Furcifer_viridis_3,46.3103,-19.57311,844
Furcifer_viridis_3,46.2617167,-19.5885167,880
Furcifer_viridis_3,45.43223,-18.51833,949
Furcifer_viridis_3,45.40565,-18.27035,1032
Furcifer_viridis_3,45.40565,-18.27035,1032
Furcifer_viridis_3,48.49081677,-14.74895,1049
Furcifer_viridis_3,48.47801,-14.75543,1057
Furcifer_viridis_3,48.63548,-14.50458,1123
Furcifer_viridis_3,48.96297,-14.22556,1305
Furcifer_viridis_3,48.6116,-14.4372,1433
Geckolepis_maculata_1,49.317,-12.083,29
Geckolepis_maculata_1,48.19543333,-13.29891667,34
Geckolepis_maculata_1,48.1667,-13.3,34
Geckolepis_maculata_1,49.34183333,-12.31816667,63
Geckolepis_maculata_1,49.34183333,-12.31816667,63
Geckolepis_maculata_1,49.34183333,-12.31816667,63
Geckolepis_maculata_1,49.34183333,-12.31816667,63
Geckolepis_maculata_1,49.08,-12.44,169
Geckolepis_maculata_1,49.08,-12.44,169
Geckolepis_maculata_1,49.191,-12.503,951
Geckolepis_maculata_1,49.191,-12.503,951
Geckolepis_maculata_1,49.191,-12.503,951
Geckolepis_maculata_1,48.233551,-13.185141,19
Heterixalus_alboguttatus_10,47.61971667,-23.57511667,4
Heterixalus_alboguttatus_10,47.61971667,-23.57511667,4
Heterixalus_alboguttatus_10,47.61971667,-23.57511667,4
Heterixalus_alboguttatus_10,47.80838333,-22.79905,7
Heterixalus_alboguttatus_10,47.80838333,-22.79905,7
Heterixalus_alboguttatus_10,47.80838333,-22.79905,7
Heterixalus_alboguttatus_10,47.80838333,-22.79905,7
Heterixalus_alboguttatus_10,47.80838333,-22.79905,7
Heterixalus_alboguttatus_10,47.80838333,-22.79905,7
Heterixalus_alboguttatus_10,47.6249,-23.45511667,22
Heterixalus_alboguttatus_10,47.6249,-23.45511667,22
Heterixalus_alboguttatus_10,47.6249,-23.45511667,22
Heterixalus_alboguttatus_10,47.6249,-23.45511667,22
Heterixalus_alboguttatus_10,47.6249,-23.45511667,22
Heterixalus_alboguttatus_10,47.6249,-23.45511667,22
Heterixalus_alboguttatus_10,47.6249,-23.45511667,22
Heterixalus_alboguttatus_10,47.6249,-23.45511667,22
Heterixalus_alboguttatus_10,47.6249,-23.45511667,22
Heterixalus_alboguttatus_10,47.6249,-23.45511667,22
Heterixalus_alboguttatus_10,47.6249,-23.45511667,22
Heterixalus_alboguttatus_10,47.73153,-23.02832,27
Heterixalus_alboguttatus_10,47.73153,-23.02832,27
Heterixalus_alboguttatus_10,47.73153,-23.02832,27
Heterixalus_alboguttatus_10,47.73153,-23.02832,27
Heterixalus_alboguttatus_10,47.73153,-23.02832,27
Heterixalus_alboguttatus_10,47.73153,-23.02832,27
Heterixalus_alboguttatus_10,47.73153,-23.02832,27
Heterixalus_alboguttatus_10,47.73153,-23.02832,27
Heterixalus_alboguttatus_10,47.73153,-23.02832,27
Heterixalus_alboguttatus_3,47.80838333,-22.79905,7
Heterixalus_alboguttatus_3,47.80838333,-22.79905,7
Heterixalus_alboguttatus_3,48.3333,-21.2167,14
Heterixalus_alboguttatus_3,48.3333,-21.2167,14
Heterixalus_alboguttatus_3,48.3333,-21.2167,14
Heterixalus_alboguttatus_3,47.94695,-21.95446667,14
Heterixalus_alboguttatus_3,47.73153,-23.02832,27
Heterixalus_alboguttatus_3,47.94695,-21.95446667,33
Heterixalus_alboguttatus_3,47.94695,-21.95446667,33
Heterixalus_alboguttatus_3,47.94695,-21.95446667,33
Heterixalus_alboguttatus_3,48.24528333,-21.04118333,46
Heterixalus_alboguttatus_3,48.24528333,-21.04118333,46
Heterixalus_alboguttatus_3,48.24528333,-21.04118333,46
Heterixalus_alboguttatus_3,48.24528333,-21.04118333,46
Heterixalus_alboguttatus_3,48.24528333,-21.04118333,46
Heterixalus_alboguttatus_3,48.24528333,-21.04118333,46
Heterixalus_alboguttatus_3,48.02143333,-21.3881,69
Heterixalus_alboguttatus_3,48.02143333,-21.3881,69
Heterixalus_alboguttatus_3,47.81568,-21.35718,352
Heterixalus_alboguttatus_3,47.81568,-21.35718,352
Heterixalus_alboguttatus_3,47.81568,-21.35718,352
Heterixalus_alboguttatus_3,47.60778,-21.35358,512
Heterixalus_alboguttatus_3,47.18713,-22.79477,588
Heterixalus_alboguttatus_3,47.18713,-22.79477,588
Heterixalus_alboguttatus_3,47.45,-21.25,894
Heterixalus_alboguttatus_3,47.45,-21.25,894
Heterixalus_alboguttatus_3,47.45,-21.25,894
Heterixalus_alboguttatus_3,47.45,-21.25,894
Heterixalus_alboguttatus_3,47.45,-21.25,894
Heterixalus_alboguttatus_3,47.45,-21.25,894
Heterixalus_alboguttatus_3,47.45,-21.25,894
Heterixalus_alboguttatus_3,47.45,-21.25,894
Heterixalus_alboguttatus_3,47.45,-21.25,894
Heterixalus_alboguttatus_3,47.46515,-21.24212,1014
Heterixalus_alboguttatus_4,48.76641667,-20.01358333,6
Heterixalus_alboguttatus_4,48.76641667,-20.01358333,6
Heterixalus_alboguttatus_4,48.76641667,-20.01358333,6
Heterixalus_alboguttatus_4,48.76641667,-20.01358333,6
Heterixalus_alboguttatus_4,48.32219444,-20.09194444,417
Heterixalus_alboguttatus_4,48.32219444,-20.09194444,417
Heterixalus_alboguttatus_4,48.13111111,-20.04597222,476
Heterixalus_alboguttatus_4,48.13111111,-20.04597222,476
Heterixalus_alboguttatus_4,48.13111111,-20.04597222,476
Heterixalus_alboguttatus_4,48.13111111,-20.04597222,476
Heterixalus_alboguttatus_4,48.12266667,-20.13897222,556
Heterixalus_alboguttatus_5,48.78563889,-19.98613889,4
Heterixalus_alboguttatus_5,48.76641667,-20.01358333,6
Heterixalus_alboguttatus_5,48.76641667,-20.01358333,6
Heterixalus_alboguttatus_5,48.76641667,-20.01358333,6
Heterixalus_alboguttatus_5,48.76641667,-20.01358333,6
Heterixalus_alboguttatus_5,48.76641667,-20.01358333,6
Heterixalus_alboguttatus_5,48.76641667,-20.01358333,6
Heterixalus_alboguttatus_5,48.76641667,-20.01358333,6
Heterixalus_alboguttatus_5,48.32219444,-20.09194444,417
Heterixalus_alboguttatus_5,48.13111111,-20.04597222,476
Heterixalus_alboguttatus_5,48.13111111,-20.04597222,476
Heterixalus_alboguttatus_5,48.13111111,-20.04597222,476
Heterixalus_alboguttatus_5,48.13111111,-20.04597222,476
Heterixalus_alboguttatus_5,48.13111111,-20.04597222,476
Heterixalus_alboguttatus_5,48.13111111,-20.04597222,476
Heterixalus_alboguttatus_5,47.60778,-21.35358,512
Heterixalus_alboguttatus_5,48.17761111,-20.05666667,668
Laliostoma_labrosum_1,43.617,-23.15,4
Laliostoma_labrosum_1,43.667,-23.35,8
Laliostoma_labrosum_1,43.667,-23.35,8
Laliostoma_labrosum_1,43.667,-23.35,8
Laliostoma_labrosum_1,43.667,-23.35,8
Laliostoma_labrosum_1,44.647,-24.542,244
Laliostoma_labrosum_1,44.647,-24.542,244
Laliostoma_labrosum_1,44.647,-24.542,244
Laliostoma_labrosum_1,44.647,-24.542,244
Laliostoma_labrosum_1,46.599,-24.518,461
Laliostoma_labrosum_1,46.599,-24.518,461
Laliostoma_labrosum_1,45.274,-22.421,780
Laliostoma_labrosum_1,45.274,-22.421,780
Laliostoma_labrosum_1,45.274,-22.421,780
Laliostoma_labrosum_1,45.274,-22.421,780
Laliostoma_labrosum_1,45.274,-22.421,780
Laliostoma_labrosum_1,45.274,-22.421,780
Laliostoma_labrosum_1,45.274,-22.421,780
Laliostoma_labrosum_1,45.274,-22.421,780
Laliostoma_labrosum_1,45.274,-22.421,780
Laliostoma_labrosum_1,45.274,-22.421,780
Laliostoma_labrosum_1,46.7672,-24.7583,906
Laliostoma_labrosum_1,45.936,-22.406,1061
Laliostoma_labrosum_1,45.936,-22.406,1061
Laliostoma_labrosum_2,43.617,-23.15,4
Laliostoma_labrosum_2,43.617,-23.15,4
Laliostoma_labrosum_2,43.667,-23.35,8
Laliostoma_labrosum_2,43.667,-23.35,8
Laliostoma_labrosum_2,43.667,-23.35,8
Laliostoma_labrosum_2,43.667,-23.35,8
Laliostoma_labrosum_2,43.667,-23.35,8
Laliostoma_labrosum_2,43.667,-23.35,8
Laliostoma_labrosum_2,43.667,-23.35,8
Laliostoma_labrosum_2,43.667,-23.35,8
Laliostoma_labrosum_2,43.667,-23.35,8
Laliostoma_labrosum_2,43.667,-23.35,8
Laliostoma_labrosum_2,44.37,-18.773,16
Laliostoma_labrosum_2,48.483,-13.7,29
Laliostoma_labrosum_2,44.47,-18.778,30
Laliostoma_labrosum_2,46.95,-16.667,35
Laliostoma_labrosum_2,46.95,-16.667,35
Laliostoma_labrosum_2,46.95,-16.667,35
Laliostoma_labrosum_2,46.95,-16.667,35
Laliostoma_labrosum_2,46.95,-16.667,35
Laliostoma_labrosum_2,49.284,-12.268,43
Laliostoma_labrosum_2,49.284,-12.268,43
Laliostoma_labrosum_2,44.657,-20.067,55
Laliostoma_labrosum_2,44.657,-20.067,55
Laliostoma_labrosum_2,44.657,-20.067,55
Laliostoma_labrosum_2,44.657,-20.067,55
Laliostoma_labrosum_2,44.657,-20.067,55
Laliostoma_labrosum_2,44.657,-20.067,55
Laliostoma_labrosum_2,44.657,-20.067,55
Laliostoma_labrosum_2,44.657,-20.067,55
Laliostoma_labrosum_2,44.657,-20.067,55
Laliostoma_labrosum_2,44.657,-20.067,55
Laliostoma_labrosum_2,44.657,-20.067,55
Laliostoma_labrosum_2,44.657,-20.067,55
Laliostoma_labrosum_2,44.657,-20.067,55
Laliostoma_labrosum_2,44.657,-20.067,55
Laliostoma_labrosum_2,44.657,-20.067,55
Laliostoma_labrosum_2,44.657,-20.067,55
Laliostoma_labrosum_2,44.657,-20.067,55
Laliostoma_labrosum_2,47.33333333,-15.75,83
Laliostoma_labrosum_2,47.33333333,-15.75,83
Laliostoma_labrosum_2,47.33333333,-15.75,83
Laliostoma_labrosum_2,47.33333333,-15.75,83
Laliostoma_labrosum_2,47.33333333,-15.75,83
Laliostoma_labrosum_2,47.33333333,-15.75,83
Laliostoma_labrosum_2,47.623,-15.663,86
Laliostoma_labrosum_2,47.623,-15.663,86
Laliostoma_labrosum_2,47.623,-15.663,86
Laliostoma_labrosum_2,43.88333333,-21.48333333,107
Laliostoma_labrosum_2,43.88333333,-21.48333333,107
Laliostoma_labrosum_2,43.88333333,-21.48333333,107
Laliostoma_labrosum_2,43.88333333,-21.48333333,107
Laliostoma_labrosum_2,44.046,-21.946,116
Laliostoma_labrosum_2,44.046,-21.946,116
Laliostoma_labrosum_2,44.046,-21.946,116
Laliostoma_labrosum_2,43.978,-21.779,117
Laliostoma_labrosum_2,43.978,-21.779,117
Laliostoma_labrosum_2,49.127,-12.934,147
Laliostoma_labrosum_2,49.127,-12.934,147
Laliostoma_labrosum_2,49.127,-12.934,147
Laliostoma_labrosum_2,49.127,-12.934,147
Laliostoma_labrosum_2,45.292,-18.772,157
Laliostoma_labrosum_2,45.292,-18.772,157
Laliostoma_labrosum_2,45.292,-18.772,157
Laliostoma_labrosum_2,45.292,-18.772,157
Laliostoma_labrosum_2,45.292,-18.772,157
Laliostoma_labrosum_2,45.292,-18.772,157
Laliostoma_labrosum_2,44.593,-18.532,178
Laliostoma_labrosum_2,44.593,-18.532,178
Laliostoma_labrosum_2,46.101,-17.244,362
Laliostoma_labrosum_2,45.125,-22.044,400
Laliostoma_labrosum_2,45.125,-22.044,400
Laliostoma_labrosum_2,45.125,-22.044,400
Laliostoma_labrosum_2,45.125,-22.044,400
Laliostoma_labrosum_2,45.125,-22.044,400
Laliostoma_labrosum_2,45.125,-22.044,400
Laliostoma_labrosum_2,44.86,-18.784,440
Laliostoma_labrosum_2,44.86,-18.784,440
Laliostoma_labrosum_2,44.86,-18.784,440
Laliostoma_labrosum_2,44.86,-18.784,440
Laliostoma_labrosum_2,44.86,-18.784,440
Laliostoma_labrosum_2,44.86,-18.784,440
Laliostoma_labrosum_2,44.86,-18.784,440
Laliostoma_labrosum_2,44.86,-18.784,440
Laliostoma_labrosum_2,44.86,-18.784,440
Laliostoma_labrosum_2,44.86,-18.784,440
Laliostoma_labrosum_2,44.86,-18.784,440
Laliostoma_labrosum_2,44.86,-18.784,440
Laliostoma_labrosum_2,46.001,-22.032,702
Laliostoma_labrosum_2,45.274,-22.421,780
Laliostoma_labrosum_2,45.274,-22.421,780
Laliostoma_labrosum_2,44.711666,-22.843333,842
Laliostoma_labrosum_2,46.93,-21.83,980
Laliostoma_labrosum_2,46.93,-21.83,980
Laliostoma_labrosum_2,46.93,-21.83,980
Laliostoma_labrosum_2,46.366,-21.578,1018
Laliostoma_labrosum_2,46.366,-21.578,1018
Laliostoma_labrosum_2,46.366,-21.578,1018
Laliostoma_labrosum_2,46.366,-21.578,1018
Laliostoma_labrosum_2,46.366,-21.578,1018
Laliostoma_labrosum_2,46.366,-21.578,1018
Laliostoma_labrosum_2,46.366,-21.578,1018
Laliostoma_labrosum_2,48.749,-14.538,1068
Leioheterodon_madagascariensis_3,48.4003,-13.73458,16
Leioheterodon_madagascariensis_3,49.916666,-13.233333,20
Leioheterodon_madagascariensis_3,48.59631,-13.52328,34
Leioheterodon_madagascariensis_3,49.666666,-13.083333,59
Leioheterodon_madagascariensis_3,49.22204,-13.15805,83
Leioheterodon_madagascariensis_3,49.05586,-12.93111,102
Leioheterodon_madagascariensis_3,49.05586,-12.93111,102
Leioheterodon_madagascariensis_3,49.069077,-12.927684,102
Leioheterodon_madagascariensis_3,49.11829,-12.95703,120
Leioheterodon_madagascariensis_3,49.11829,-12.95703,120
Leioheterodon_madagascariensis_3,48.3,-13.4,132
Leioheterodon_madagascariensis_3,49.13416,-12.96582,137
Leioheterodon_madagascariensis_3,49.138584,-12.965646,137
Leioheterodon_madagascariensis_3,49.35818,-12.33429,210
Leioheterodon_madagascariensis_3,49.166666,-12.538333,925
Leioheterodon_madagascariensis_3,48.8,-13.788406,1160
Leioheterodon_madagascariensis_3,49.44341,-13.6991,1361
Leioheterodon_modestus_6,43.25166,-22.135262,7
Leioheterodon_modestus_6,45.770193,-15.914705,8
Leioheterodon_modestus_6,45.988683,-15.905859,24
Leioheterodon_modestus_6,45.045763,-16.108496,27
Leioheterodon_modestus_6,44.038806,-17.83233,28
Leioheterodon_modestus_6,49.836687,-13.445582,39
Leioheterodon_modestus_6,47.62971,-15.90531,42
Leioheterodon_modestus_6,47.05792,-16.74127,61
Leioheterodon_modestus_6,47.06771,-16.72064,61
Leioheterodon_modestus_6,43.873683,-21.859866,68
Leioheterodon_modestus_6,49.12936,-12.95536,147
Leioheterodon_modestus_6,44.990326,-21.672318,199
Leioheterodon_modestus_6,44.9934,-21.6746,199
Leioheterodon_modestus_6,45.083333,-24.6,239
Leioheterodon_modestus_6,47.416133,-16.62981667,246
Leioheterodon_modestus_6,46.115883,-19.689783,794
Liopholidophis_sexlineatus_5,46.458333,-21.413333,757
Liopholidophis_sexlineatus_5,48.125503,-19.183485,1033
Liopholidophis_sexlineatus_5,48.125503,-19.183485,1033
Liopholidophis_sexlineatus_5,48.125503,-19.183485,1033
Liopholidophis_sexlineatus_5,47.37445,-21.23266667,1183
Liopholidophis_sexlineatus_5,47.476215,-19.2317,1410
Liopholidophis_sexlineatus_5,47.476215,-19.2317,1410
Liopholidophis_sexlineatus_5,47.476215,-19.2317,1410
Liopholidophis_sexlineatus_5,47.476215,-19.2317,1410
Liopholidophis_sexlineatus_5,47.476215,-19.2317,1410
Liopholidophis_sexlineatus_5,47.28496,-20.70341,1542
Liopholidophis_sexlineatus_5,47.316666,-19.358333,1797
Madagascarophis_colubrinus_5,49.26973,-12.1907,33
Madagascarophis_colubrinus_5,49.26973,-12.1907,33
Madagascarophis_colubrinus_5,49.26973,-12.1907,33
Madagascarophis_colubrinus_5,49.26973,-12.1907,33
Madagascarophis_colubrinus_5,48.6178,-13.50389,34
Madagascarophis_colubrinus_5,49.666666,-13.083333,59
Madagascarophis_colubrinus_5,49.5,-12.833333,191
Madagascarophis_colubrinus_5,49.35818,-12.33429,210
Madagascarophis_colubrinus_5,49.35818,-12.33429,210
Madagascarophis_colubrinus_5,49.35818,-12.33429,210
Madagascarophis_colubrinus_5,49.35818,-12.33429,210
Madagascarophis_colubrinus_5,49.35818,-12.33429,210
Madagascarophis_colubrinus_5,49.35818,-12.33429,210
Madascincus_melanopleura_10,47.52254722,-21.23531944,660
Madascincus_melanopleura_10,47.52254722,-21.23531944,660
Madascincus_melanopleura_10,47.52254722,-21.23531944,660
Madascincus_melanopleura_10,47.52254722,-21.23531944,660
Madascincus_melanopleura_10,47.52254722,-21.23531944,660
Madascincus_melanopleura_10,49.77555,-14.43766667,773
Madascincus_melanopleura_10,47.45,-21.25,894
Madascincus_melanopleura_10,47.42621667,-21.24386667,1104
Madascincus_melanopleura_10,47.42621667,-21.24386667,1104
Madascincus_melanopleura_10,47.37178333,-21.24868333,1183
Madascincus_melanopleura_10,47.37178333,-21.24868333,1183
Madascincus_melanopleura_10,47.37178333,-21.24868333,1183
Madascincus_melanopleura_10,47.37178333,-21.24868333,1183
Madascincus_melanopleura_2,48.41223333,-18.93615,947
Madascincus_melanopleura_2,48.41223333,-18.93615,947
Madascincus_melanopleura_2,48.41223333,-18.93615,947
Madascincus_melanopleura_2,48.41223333,-18.93615,947
Madascincus_melanopleura_2,48.41223333,-18.93615,947
Madascincus_melanopleura_2,48.41223333,-18.93615,947
Madascincus_melanopleura_2,48.41223333,-18.93615,947
Madascincus_melanopleura_2,48.41223333,-18.93615,947
Madascincus_melanopleura_2,48.41223333,-18.93615,947
Madascincus_melanopleura_2,48.41223333,-18.93615,947
Madascincus_melanopleura_2,48.41223333,-18.93615,947
Madascincus_melanopleura_2,48.41223333,-18.93615,947
Madascincus_melanopleura_2,48.41223333,-18.93615,947
Madascincus_melanopleura_2,48.41223333,-18.93615,947
Madascincus_melanopleura_2,48.41223333,-18.93615,947
Madascincus_melanopleura_2,48.41223333,-18.93615,947
Madascincus_melanopleura_2,48.41223333,-18.93615,947
Madascincus_melanopleura_2,48.41223333,-18.93615,947
Madascincus_melanopleura_2,48.41223333,-18.93615,947
Madascincus_melanopleura_2,48.41223333,-18.93615,947
Madascincus_melanopleura_2,48.41223333,-18.93615,947
Madascincus_melanopleura_2,48.41223333,-18.93615,947
Madascincus_melanopleura_2,48.41223333,-18.93615,947
Madascincus_melanopleura_2,48.41223333,-18.93615,947
Madascincus_melanopleura_2,48.41223333,-18.93615,947
Madascincus_melanopleura_2,48.41223333,-18.93615,947
Madascincus_melanopleura_2,48.41223333,-18.93615,947
Madascincus_melanopleura_2,48.41223333,-18.93615,947
Madascincus_melanopleura_2,48.41223333,-18.93615,947
Madascincus_melanopleura_2,48.41223333,-18.93615,947
Madascincus_melanopleura_2,48.36666667,-18.87472222,969
Madascincus_melanopleura_2,48.4167,-18.9333,974
Madascincus_melanopleura_2,48.4167,-18.91926,974
Madascincus_melanopleura_2,48.4167,-18.93615,974
Madascincus_melanopleura_2,48.4167,-18.9333,974
Madascincus_melanopleura_2,48.4167,-18.9333,974
Mantella_baroni_2,45.58333,-23.43333,577
Mantella_baroni_2,45.58333,-23.43333,577
Mantella_baroni_2,45.58333,-23.43333,577
Mantella_baroni_2,45.58333,-23.43333,577
Mantella_baroni_2,45.58333,-23.43333,577
Mantella_baroni_2,48.5097,-18.9661,944
Mantella_baroni_2,48.5097,-18.9661,944
Mantella_baroni_2,48.5097,-18.9661,944
Mantella_baroni_2,48.5097,-18.9661,944
Mantella_baroni_2,48.5097,-18.9661,944
Mantella_baroni_2,48.5097,-18.9661,944
Mantella_baroni_2,48.5097,-18.9661,944
Mantella_baroni_2,48.5097,-18.9661,944
Mantella_baroni_2,48.5097,-18.9661,944
Mantella_baroni_2,48.5097,-18.9661,944
Mantella_baroni_2,48.2929,-18.5699,1019
Mantella_baroni_2,47.4797,-18.8534,1253
Mantella_baroni_2,47.4797,-18.8534,1253
Mantella_baroni_2,47.34305556,-20.835,1350
Mantella_baroni_2,47.34305556,-20.835,1350
Mantella_baroni_2,47.34305556,-20.835,1350
Mantella_baroni_2,47.34305556,-20.835,1350
Mantella_baroni_2,47.34305556,-20.835,1350
Mantella_baroni_2,47.34305556,-20.835,1350
Mantella_baroni_2,47.34305556,-20.835,1350
Mantella_baroni_2,47.34305556,-20.835,1350
Mantella_baroni_2,47.34305556,-20.835,1350
Mantella_baroni_2,47.34305556,-20.835,1350
Mantella_baroni_2,47.34305556,-20.835,1350
Mantella_baroni_2,47.34305556,-20.835,1350
Mantella_baroni_2,47.34305556,-20.835,1350
Mantella_baroni_2,47.34305556,-20.835,1350
Mantella_baroni_2,47.34305556,-20.835,1350
Mantella_baroni_2,47.34305556,-20.835,1350
Mantella_baroni_2,47.34305556,-20.835,1350
Mantella_baroni_2,47.34305556,-20.835,1350
Mantella_baroni_2,47.34305556,-20.835,1350
Mantella_baroni_2,47.34305556,-20.835,1350
Mantella_baroni_2,47.34305556,-20.835,1350
Mantella_baroni_2,47.34305556,-20.835,1350
Mantella_baroni_2,47.34305556,-20.835,1350
Mantella_baroni_2,47.34305556,-20.835,1350
Mantella_baroni_2,47.34305556,-20.835,1350
Mantella_baroni_2,47.34305556,-20.835,1350
Mantella_baroni_2,47.34305556,-20.835,1350
Mantella_baroni_2,47.34305556,-20.835,1350
Mantella_baroni_2,47.34305556,-20.835,1350
Mantella_baroni_2,47.34305556,-20.835,1350
Mantella_baroni_2,47.6807,-19.6366,1557
Mantella_baroni_2,47.6808,-19.636,1557
Mantella_baroni_2,47.6806,-19.6367,1557
Mantella_baroni_3,48.166667,-19.025,929
Mantella_baroni_3,48.510278,-18.965833,944
Mantella_baroni_3,48.448889,-18.543333,944
Mantella_baroni_3,48.448889,-18.543333,944
Mantella_baroni_3,48.326111,-18.612778,1039
Mantella_baroni_3,48.498889,-18.83,1074
Mantella_baroni_3,47.369444,-21.226111,1183
Mantella_baroni_3,47.343056,-20.835,1350
Mantella_bernhardi_1,47.7,-23,54
Mantella_bernhardi_1,47.7,-23,54
Mantella_bernhardi_1,47.7,-23,54
Mantella_bernhardi_1,47.7,-23,54
Mantella_bernhardi_1,47.7,-23,54
Mantella_bernhardi_1,47.7,-23,54
Mantella_bernhardi_1,47.7,-23,54
Mantella_bernhardi_1,47.7,-23,54
Mantella_bernhardi_1,47.7,-23,54
Mantella_bernhardi_1,47.7,-23,54
Mantella_bernhardi_1,47.7,-23,54
Mantella_bernhardi_1,47.7,-23,54
Mantella_bernhardi_1,47.7,-23,54
Mantella_bernhardi_1,47.7,-23,54
Mantella_bernhardi_1,47.7,-23,54
Mantella_bernhardi_1,47.7,-23,54
Mantella_bernhardi_1,47.7,-23,54
Mantella_bernhardi_1,47.7,-23,54
Mantella_bernhardi_1,47.7,-23,54
Mantella_bernhardi_1,47.7,-23,54
Mantella_bernhardi_1,47.7,-23,54
Mantella_bernhardi_1,47.7,-23,54
Mantella_bernhardi_1,47.7,-23,54
Mantella_bernhardi_1,47.7,-23,54
Mantella_bernhardi_1,47.7,-23,54
Mantella_bernhardi_1,47.7,-23,54
Mantella_bernhardi_1,47.7,-23,54
Mantella_bernhardi_1,47.7,-23,54
Mantella_bernhardi_1,47.7,-23,54
Mantella_bernhardi_1,47.7,-23,54
Mantella_bernhardi_1,47.7,-23,54
Mantella_bernhardi_1,47.7,-23,54
Mantella_bernhardi_1,47.7,-23,54
Mantella_bernhardi_1,47.7,-23,54
Mantella_bernhardi_1,47.7,-23,54
Mantella_bernhardi_1,47.7,-23,54
Mantella_bernhardi_1,47.7,-23,54
Mantella_bernhardi_1,47.7,-23,54
Mantella_bernhardi_1,47.7,-23,54
Mantella_bernhardi_1,47.7,-23,54
Mantella_bernhardi_1,47.7,-23,54
Mantella_bernhardi_1,47.7,-23,54
Mantella_bernhardi_1,47.7,-23,54
Mantella_bernhardi_1,47.7,-23,54
Mantella_bernhardi_1,47.7,-23,54
Mantella_bernhardi_1,47.7,-23,54
Mantella_bernhardi_1,47.7,-23,54
Mantella_bernhardi_1,47.7,-23,54
Mantella_bernhardi_1,47.7,-23,54
Mantella_bernhardi_1,47.7,-23,54
Mantella_bernhardi_1,47.7,-23,54
Mantella_bernhardi_1,47.7,-23,54
Mantella_bernhardi_1,47.7,-23,54
Mantella_bernhardi_1,47.7,-23,54
Mantella_bernhardi_1,47.7,-23,54
Mantella_bernhardi_1,47.7,-23,54
Mantella_bernhardi_1,47.7,-23,54
Mantella_bernhardi_1,47.7,-23,54
Mantella_bernhardi_1,47.7,-23,54
Mantella_bernhardi_2,47.52,-21.55,435
Mantella_bernhardi_2,47.52,-21.55,435
Mantella_bernhardi_2,47.52,-21.55,435
Mantella_bernhardi_2,47.52,-21.55,435
Mantella_bernhardi_2,47.52,-21.55,435
Mantella_bernhardi_2,47.52,-21.55,435
Mantella_bernhardi_2,47.52,-21.55,435
Mantella_bernhardi_2,47.52,-21.55,435
Mantella_bernhardi_2,47.52,-21.55,435
Mantella_bernhardi_2,47.52,-21.55,435
Mantella_bernhardi_2,47.52,-21.55,435
Mantella_bernhardi_2,47.52,-21.55,435
Mantella_bernhardi_2,47.52,-21.55,435
Mantella_bernhardi_2,47.52,-21.55,435
Mantella_bernhardi_2,47.52,-21.55,435
Mantella_bernhardi_2,47.52,-21.55,435
Mantella_bernhardi_2,47.52,-21.55,435
Mantella_bernhardi_2,47.5,-21.4,600
Mantella_bernhardi_2,47.5,-21.4,600
Mantella_bernhardi_2,47.5,-21.4,600
Mantella_bernhardi_2,47.5,-21.4,600
Mantella_bernhardi_2,47.5,-21.4,600
Mantella_bernhardi_2,47.5,-21.4,600
Mantella_bernhardi_2,47.5,-21.4,600
Mantella_bernhardi_2,47.5,-21.4,600
Mantella_bernhardi_2,47.5,-21.4,600
Mantella_bernhardi_3,47,-22.8,616
Mantella_bernhardi_3,47,-22.8,616
Mantella_bernhardi_3,47,-22.8,616
Mantella_bernhardi_3,47,-22.8,616
Mantella_bernhardi_3,47,-22.8,616
Mantella_bernhardi_3,47,-22.8,616
Mantella_bernhardi_3,47,-22.8,616
Mantella_bernhardi_3,47,-22.8,616
Mantella_bernhardi_3,47,-22.8,616
Mantella_bernhardi_3,47,-22.8,616
Mantella_bernhardi_3,47,-22.8,616
Mantella_bernhardi_3,47,-22.8,616
Mantella_bernhardi_3,47,-22.8,616
Mantella_bernhardi_3,47,-22.8,616
Mantella_bernhardi_3,47,-22.8,616
Mantella_bernhardi_3,47,-22.8,616
Mantella_bernhardi_3,47,-22.8,616
Mantella_bernhardi_3,47,-22.8,616
Mantella_bernhardi_3,47,-22.8,616
Mantella_bernhardi_3,47,-22.8,616
Mantella_bernhardi_3,47,-22.8,616
Mantella_bernhardi_3,47,-22.8,616
Mantella_bernhardi_3,47,-22.8,616
Mantella_bernhardi_3,47,-22.8,616
Mantellabernhardi3,47,-22.8,616
Mantidactylus_aerumlis_1,47.60523889,-21.29738056,528
Mantidactylus_aerumlis_1,47.52254722,-21.23531944,660
Mantidactylus_aerumlis_1,47.52254722,-21.23531944,660
Mantidactylus_aerumlis_1,47.52254722,-21.23531944,660
Mantidactylus_aerumlis_1,47.52254722,-21.23531944,660
Mantidactylus_aerumlis_1,47.52254722,-21.23531944,660
Mantidactylus_aerumlis_1,47.52254722,-21.23531944,660
Mantidactylus_aerumlis_1,47.52254722,-21.23531944,660
Mantidactylus_aerumlis_1,47.52254722,-21.23531944,660
Mantidactylus_aerumlis_1,47.3964,-21.3201,1217
Mantidactylus_aerumlis_1,47.3964,-21.3201,1217
Mantidactylus_aerumlis_1,47.3964,-21.3201,1217
Mantidactylus_aerumlis_1,47.3964,-21.3201,1217
Mantidactylus_aerumlis_1,47.3181,-20.7745,1635
Mantidactylus_aerumlis_1,47.3181,-20.7745,1635
Mantidactylus_melanopleura_b12,47.52254722,-21.23531944,660
Mantidactylus_melanopleura_b12,47.429167,-21.288889,894
Mantidactylus_melanopleura_b12,47.42621667,-21.24386667,1104
Mantidactylus_melanopleura_b12,47.42621667,-21.24386667,1104
Mantidactylus_melanopleura_b12,47.39683333,-21.23693333,1163
Mantidactylus_melanopleura_b12,47.39683333,-21.23693333,1163
Mantidactylus_melanopleura_b12,47.36666667,-21.21666667,1183
Mantidactylus_melanopleura_b12,47.36666667,-21.21666667,1183
Mimophis_mahfalensis_1,43.264652,-21.996061,4
Mimophis_mahfalensis_1,43.65888,-23.30313,7
Mimophis_mahfalensis_1,43.39152,-21.720676,10
Mimophis_mahfalensis_1,43.36116,-22.800961,12
Mimophis_mahfalensis_1,43.63616667,-23.2665,14
Mimophis_mahfalensis_1,43.63616667,-23.2665,14
Mimophis_mahfalensis_1,43.63616667,-23.2665,14
Mimophis_mahfalensis_1,43.873683,-21.859866,68
Mimophis_mahfalensis_1,43.89934,-21.88821,69
Mimophis_occultus_2,45.603587,-16.020507,15
Mimophis_occultus_2,48.5621,-13.52973,23
Mimophis_occultus_2,45.988683,-15.905859,24
Mimophis_occultus_2,46.73126,-16.075,25
Mimophis_occultus_2,49.316666,-12.3,29
Mimophis_occultus_2,49.26973,-12.1907,33
Mimophis_occultus_2,49.26973,-12.1907,33
Mimophis_occultus_2,49.05586,-12.93111,102
Mimophis_occultus_2,49.1,-12.925,120
Mimophis_occultus_2,49.35818,-12.33429,210
Mimophis_occultus_2,49.35818,-12.33429,210
Mimophis_occultus_2,49.35818,-12.33429,210
Mimophis_occultus_2,49.35818,-12.33429,210
Mimophis_occultus_2,47.41613333,-16.62981667,246
Mimophis_occultus_2,48.8,-13.788406,1160
Oplurus_cuvieri_6,44.541461,-18.40832,239
Oplurus_cuvieri_6,44.541461,-18.40832,239
Oplurus_cuvieri_6,44.541461,-18.40832,239
Oplurus_cuvieri_6,44.541461,-18.40832,239
Oplurus_cuvieri_6,44.541461,-18.40832,239
Oplurus_cuvieri_6,44.541461,-18.40832,239
Oplurus_cuvieri_6,44.541461,-18.40832,239
Oplurus_cuvieri_6,44.816721,-18.709333,419
Oplurus_cuvieri_6,44.816721,-18.709333,419
Oplurus_cuvieri_6,44.816721,-18.709333,419
Oplurus_cuvieri_6,44.816721,-18.709333,419
Oplurus_cuvieri_6,44.816721,-18.709333,419
Oplurus_cuvieri_6,44.816721,-18.709333,419
Oplurus_cuvieri_6,44.816721,-18.709333,419
Oplurus_cuvieri_6,44.818866,-18.271449,435
Oplurus_cuvieri_6,44.818866,-18.271449,435
Oplurus_cuvieri_6,44.818866,-18.271449,435
Oplurus_cuvieri_6,44.818866,-18.271449,435
Oplurus_cuvieri_6,44.818866,-18.271449,435
Phelsuma_lineata_north,47.6197,-23.5751,4
Phelsuma_lineata_north,48.9805,-19.3266,7
Phelsuma_lineata_north,49.2307,-18.5897,9
Phelsuma_lineata_north,49.2307,-18.5897,9
Phelsuma_lineata_north,49.2307,-18.5897,9
Phelsuma_lineata_north,49.5102,-17.6735,11
Phelsuma_lineata_north,49.5102,-17.6735,11
Phelsuma_lineata_north,49.5102,-17.6735,11
Phelsuma_lineata_north,49.5102,-17.6735,11
Phelsuma_lineata_north,49.5102,-17.6735,11
Phelsuma_lineata_north,49.5102,-17.6735,11
Phelsuma_lineata_north,48.9371,-19.0322,24
Phelsuma_lineata_north,48.9371,-19.0322,24
Phelsuma_lineata_north,48.9371,-19.0322,24
Phelsuma_lineata_north,48.9371,-19.0322,24
Phelsuma_lineata_north,48.9803,-18.8106,76
Phelsuma_lineata_north,48.9803,-18.8106,76
Phelsuma_lineata_north,48.9803,-18.8106,76
Phelsuma_lineata_north,48.9803,-18.8106,76
Phelsuma_lineata_north,48.9803,-18.8106,76
Phelsuma_lineata_north,48.9803,-18.8106,76
Phelsuma_lineata_north,48.9803,-18.8106,76
Phelsuma_lineata_north,48.9803,-18.8106,76
Phelsuma_lineata_north,48.9803,-18.8106,76
Phelsuma_lineata_north,48.9803,-18.8106,76
Phelsuma_lineata_north,48.9803,-18.8106,76
Phelsuma_lineata_north,48.9803,-18.8106,76
Phelsuma_lineata_north,48.3782,-20.0914,144
Phelsuma_lineata_north,48.0937,-20.0215,576
Phelsuma_lineata_north,48.0937,-20.0215,576
Phelsuma_lineata_north,48.0937,-20.0215,576
Phelsuma_lineata_north,48.2118,-19.5256,655
Phelsuma_lineata_north,48.2118,-19.5256,655
Phelsuma_lineata_north,48.2118,-19.5256,655
Phelsuma_lineata_north,48.2118,-19.5256,655
Phelsuma_lineata_north,48.2118,-19.5256,655
Phelsuma_lineata_north,48.2118,-19.5256,655
Phelsuma_lineata_north,48.2118,-19.5256,655
Phelsuma_lineata_north,48.2118,-19.5256,655
Phelsuma_lineata_north,48.2118,-19.5256,655
Phelsuma_lineata_north,48.2086,-19.428,691
Phelsuma_lineata_north,48.2086,-19.428,691
Phelsuma_lineata_north,48.2086,-19.428,691
Phelsuma_lineata_north,48.2086,-19.428,691
Phelsuma_lineata_north,48.2086,-19.428,691
Phelsuma_lineata_north,48.2086,-19.428,691
Phelsuma_lineata_north,48.2086,-19.428,691
Phelsuma_lineata_north,48.2086,-19.428,691
Phelsuma_lineata_north,48.2086,-19.428,691
Phelsuma_lineata_north,48.2086,-19.428,691
Phelsuma_lineata_north,48.2086,-19.428,691
Phelsuma_lineata_north,48.3165,-19.5431,786
Phelsuma_lineata_north,48.3165,-19.5431,786
Phelsuma_lineata_north,48.3165,-19.5431,786
Phelsuma_lineata_north,48.3165,-19.5431,786
Phelsuma_lineata_north,48.3165,-19.5431,786
Phelsuma_lineata_north,48.2229,-19.3306,919
Phelsuma_lineata_north,48.2229,-19.3306,919
Phelsuma_lineata_north,48.2229,-19.3306,919
Phelsuma_lineata_north,48.2229,-19.3306,919
Phelsuma_lineata_north,48.2229,-19.3306,919
Phelsuma_lineata_north,48.2229,-19.3306,919
Phelsuma_lineata_north,48.5097,-18.9661,944
Phelsuma_lineata_north,48.4167,-18.9333,974
Phelsuma_lineata_north,48.4167,-18.9333,974
Phelsuma_lineata_north,48.4167,-18.9333,974
Phelsuma_lineata_north,48.2322,-19.2188,997
Phelsuma_lineata_north,48.2322,-19.2188,997
Phelsuma_lineata_north,48.2322,-19.2188,997
Phelsuma_lineata_north,48.2806,-19.1286,1006
Phelsuma_lineata_south,48.7856,-19.9861,4
Phelsuma_lineata_south,48.7856,-19.9861,4
Phelsuma_lineata_south,48.7856,-19.9861,4
Phelsuma_lineata_south,48.7856,-19.9861,4
Phelsuma_lineata_south,48.7856,-19.9861,4
Phelsuma_lineata_south,48.7856,-19.9861,4
Phelsuma_lineata_south,48.7856,-19.9861,4
Phelsuma_lineata_south,48.7856,-19.9861,4
Phelsuma_lineata_south,48.7856,-19.9861,4
Phelsuma_lineata_south,48.7856,-19.9861,4
Phelsuma_lineata_south,48.7856,-19.9861,4
Phelsuma_lineata_south,48.7856,-19.9861,4
Phelsuma_lineata_south,48.7536,-19.9892,4
Phelsuma_lineata_south,48.7536,-19.9892,4
Phelsuma_lineata_south,48.7536,-19.9892,4
Phelsuma_lineata_south,48.7536,-19.9892,4
Phelsuma_lineata_south,48.7536,-19.9892,4
Phelsuma_lineata_south,48.7856,-19.9861,4
Phelsuma_lineata_south,48.7856,-19.9861,4
Phelsuma_lineata_south,48.7856,-19.9861,4
Phelsuma_lineata_south,48.7856,-19.9861,4
Phelsuma_lineata_south,47.6197,-23.5751,4
Phelsuma_lineata_south,47.6197,-23.5751,4
Phelsuma_lineata_south,47.6197,-23.5751,4
Phelsuma_lineata_south,47.6197,-23.5751,4
Phelsuma_lineata_south,47.6197,-23.5751,4
Phelsuma_lineata_south,47.6197,-23.5751,4
Phelsuma_lineata_south,48.7664,-20.0136,6
Phelsuma_lineata_south,48.7664,-20.0136,6
Phelsuma_lineata_south,48.7664,-20.0136,6
Phelsuma_lineata_south,48.7664,-20.0136,6
Phelsuma_lineata_south,48.7664,-20.0136,6
Phelsuma_lineata_south,48.7664,-20.0136,6
Phelsuma_lineata_south,48.9805,-19.3266,7
Phelsuma_lineata_south,48.9805,-19.3266,7
Phelsuma_lineata_south,47.8084,-22.7991,7
Phelsuma_lineata_south,47.8084,-22.7991,7
Phelsuma_lineata_south,47.8084,-22.7991,7
Phelsuma_lineata_south,47.8084,-22.7991,7
Phelsuma_lineata_south,47.8084,-22.7991,7
Phelsuma_lineata_south,47.8084,-22.7991,7
Phelsuma_lineata_south,47.8084,-22.7991,7
Phelsuma_lineata_south,47.8084,-22.7991,7
Phelsuma_lineata_south,47.8084,-22.7991,7
Phelsuma_lineata_south,47.8084,-22.7991,7
Phelsuma_lineata_south,47.8084,-22.7991,7
Phelsuma_lineata_south,47.8084,-22.7991,7
Phelsuma_lineata_south,47.8084,-22.7991,7
Phelsuma_lineata_south,47.8084,-22.7991,7
Phelsuma_lineata_south,48.7252,-19.9619,11
Phelsuma_lineata_south,48.7252,-19.9619,11
Phelsuma_lineata_south,48.7252,-19.9619,11
Phelsuma_lineata_south,48.3333,-21.2167,14
Phelsuma_lineata_south,48.3333,-21.2167,14
Phelsuma_lineata_south,48.3333,-21.2167,14
Phelsuma_lineata_south,48.3333,-21.2167,14
Phelsuma_lineata_south,48.3333,-21.2167,14
Phelsuma_lineata_south,48.3333,-21.2167,14
Phelsuma_lineata_south,48.3333,-21.2167,14
Phelsuma_lineata_south,48.3333,-21.2167,14
Phelsuma_lineata_south,48.3333,-21.2167,14
Phelsuma_lineata_south,48.3333,-21.2167,14
Phelsuma_lineata_south,48.3333,-21.2167,14
Phelsuma_lineata_south,48.3333,-21.2167,14
Phelsuma_lineata_south,48.3333,-21.2167,14
Phelsuma_lineata_south,48.3333,-21.2167,14
Phelsuma_lineata_south,48.3333,-21.2167,14
Phelsuma_lineata_south,48.3333,-21.2167,14
Phelsuma_lineata_south,48.3333,-21.2167,14
Phelsuma_lineata_south,48.3333,-21.2167,14
Phelsuma_lineata_south,48.3333,-21.2167,14
Phelsuma_lineata_south,48.3333,-21.2167,14
Phelsuma_lineata_south,48.3333,-21.2167,14
Phelsuma_lineata_south,48.3333,-21.2167,14
Phelsuma_lineata_south,48.3333,-21.2167,14
Phelsuma_lineata_south,48.3333,-21.2167,14
Phelsuma_lineata_south,48.9433,-19.3407,17
Phelsuma_lineata_south,48.9433,-19.3407,17
Phelsuma_lineata_south,48.9433,-19.3407,17
Phelsuma_lineata_south,48.9433,-19.3407,17
Phelsuma_lineata_south,48.9433,-19.3407,17
Phelsuma_lineata_south,48.9433,-19.3407,17
Phelsuma_lineata_south,48.9433,-19.3407,17
Phelsuma_lineata_south,48.9433,-19.3407,17
Phelsuma_lineata_south,48.9371,-19.0322,24
Phelsuma_lineata_south,48.9371,-19.0322,24
Phelsuma_lineata_south,48.9371,-19.0322,24
Phelsuma_lineata_south,48.9371,-19.0322,24
Phelsuma_lineata_south,48.9371,-19.0322,24
Phelsuma_lineata_south,48.9371,-19.0322,24
Phelsuma_lineata_south,48.9128,-19.1926,32
Phelsuma_lineata_south,48.8661,-19.5038,32
Phelsuma_lineata_south,48.8661,-19.5038,32
Phelsuma_lineata_south,48.9128,-19.1926,32
Phelsuma_lineata_south,48.9128,-19.1926,32
Phelsuma_lineata_south,48.8661,-19.5038,32
Phelsuma_lineata_south,47.947,-21.9545,33
Phelsuma_lineata_south,47.947,-21.9545,33
Phelsuma_lineata_south,47.947,-21.9545,33
Phelsuma_lineata_south,47.947,-21.9545,33
Phelsuma_lineata_south,47.947,-21.9545,33
Phelsuma_lineata_south,47.947,-21.9545,33
Phelsuma_lineata_south,47.947,-21.9545,33
Phelsuma_lineata_south,47.947,-21.9545,33
Phelsuma_lineata_south,47.947,-21.9545,33
Phelsuma_lineata_south,47.947,-21.9545,33
Phelsuma_lineata_south,47.947,-21.9545,33
Phelsuma_lineata_south,48.2453,-21.0412,46
Phelsuma_lineata_south,48.2453,-21.0412,46
Phelsuma_lineata_south,48.2453,-21.0412,46
Phelsuma_lineata_south,48.2453,-21.0412,46
Phelsuma_lineata_south,48.2453,-21.0412,46
Phelsuma_lineata_south,48.2453,-21.0412,46
Phelsuma_lineata_south,48.2453,-21.0412,46
Phelsuma_lineata_south,48.2453,-21.0412,46
Phelsuma_lineata_south,48.2453,-21.0412,46
Phelsuma_lineata_south,48.2453,-21.0412,46
Phelsuma_lineata_south,47.9833,-21.5902,64
Phelsuma_lineata_south,47.9833,-21.5902,64
Phelsuma_lineata_south,47.9833,-21.5902,64
Phelsuma_lineata_south,47.9833,-21.5902,64
Phelsuma_lineata_south,47.9833,-21.5902,64
Phelsuma_lineata_south,47.9833,-21.5902,64
Phelsuma_lineata_south,47.9833,-21.5902,64
Phelsuma_lineata_south,48.0242,-21.3874,69
Phelsuma_lineata_south,48.0242,-21.3874,69
Phelsuma_lineata_south,48.0242,-21.3874,69
Phelsuma_lineata_south,48.0242,-21.3874,69
Phelsuma_lineata_south,48.0214,-21.3881,69
Phelsuma_lineata_south,48.0214,-21.3881,69
Phelsuma_lineata_south,48.0214,-21.3881,69
Phelsuma_lineata_south,48.3782,-20.0914,144
Phelsuma_lineata_south,48.3782,-20.0914,144
Phelsuma_lineata_south,48.3782,-20.0914,144
Phelsuma_lineata_south,48.3782,-20.0914,144
Phelsuma_lineata_south,48.3782,-20.0914,144
Phelsuma_lineata_south,48.3782,-20.0914,144
Phelsuma_lineata_south,48.3782,-20.0914,144
Phelsuma_lineata_south,48.3782,-20.0914,144
Phelsuma_lineata_south,47.8157,-21.3572,352
Phelsuma_lineata_south,47.8157,-21.3572,352
Phelsuma_lineata_south,47.8157,-21.3572,352
Phelsuma_lineata_south,47.8157,-21.3572,352
Phelsuma_lineata_south,47.8157,-21.3572,352
Phelsuma_lineata_south,47.8157,-21.3572,352
Phelsuma_lineata_south,47.8157,-21.3572,352
Phelsuma_lineata_south,47.6333,-21.3,469
Phelsuma_lineata_south,47.6333,-21.3,469
Phelsuma_lineata_south,47.6333,-21.3,469
Phelsuma_lineata_south,48.1339,-20.0524,476
Phelsuma_lineata_south,48.1339,-20.0524,476
Phelsuma_lineata_south,48.1339,-20.0524,476
Phelsuma_lineata_south,48.1339,-20.0524,476
Phelsuma_lineata_south,48.2981,-20.0574,507
Phelsuma_lineata_south,48.2981,-20.0574,507
Phelsuma_lineata_south,48.2981,-20.0574,507
Phelsuma_lineata_south,48.1227,-20.139,556
Phelsuma_lineata_south,47.45,-21.25,894
Phelsuma_lineata_south,47.45,-21.25,894
Phelsuma_lineata_south,47.45,-21.25,894
Phelsuma_lineata_south,47.45,-21.25,894
Phelsuma_lineata_south,47.45,-21.25,894
Phelsuma_lineata_south,47.4336,-21.2123,1104
Phelsuma_lineata_south,47.9446,-17.7465,1198
Platypelis_tuberifera_a6,50.068439,-15.25,513
Platypelis_tuberifera_a6,49.940333,-15.417667,567
Platypelis_tuberifera_a6,49.7,-14.846667,688
Platypelis_tuberifera_a6,50.068439,-15.317642,703
Platypelis_tuberifera_a6,50.023333,-15.309167,793
Platypelis_tuberifera_a6,49.98783333,-15.381167,871
Platypelis_tuberifera_a6,49.595,-14.43333333,938
Platypelis_tuberifera_a6,49.441667,-14.53,1177
Platypelis_tuberifera_a6,49.441667,-14.53,1177
Platypelis_tuberifera_a6,49.441667,-14.53,1177
Platypelis_tuberifera_a6,49.441667,-14.53,1177
Platypelis_tuberifera_a6,49.441667,-14.53,1177
Platypelis_tuberifera_a6,49.441667,-14.53,1177
Platypelis_tuberifera_a6,49.438333,-14.54,1177
Platypelis_tuberifera_a6,49.438333,-14.54,1177
Platypelis_tuberifera_a6,49.441667,-14.53,1177
Pyxis_arachnoides_22,43.61527778,-23.13055556,4
Pyxis_arachnoides_22,43.61527778,-23.13055556,4
Pyxis_arachnoides_22,43.61527778,-23.13055556,4
Pyxis_arachnoides_22,43.61527778,-23.13055556,4
Pyxis_arachnoides_22,43.61527778,-23.13055556,4
Pyxis_arachnoides_22,43.61527778,-23.13055556,4
Pyxis_arachnoides_22,43.61527778,-23.13055556,4
Pyxis_arachnoides_22,43.61527778,-23.13055556,4
Pyxis_arachnoides_22,43.61527778,-23.13055556,4
Pyxis_arachnoides_22,43.61527778,-23.13055556,4
Pyxis_arachnoides_22,43.61527778,-23.13055556,4
Pyxis_arachnoides_22,43.61527778,-23.13055556,4
Pyxis_arachnoides_22,43.61527778,-23.13055556,4
Pyxis_arachnoides_22,43.61527778,-23.13055556,4
Pyxis_arachnoides_22,43.61527778,-23.13055556,4
Pyxis_arachnoides_22,43.61527778,-23.13055556,4
Pyxis_arachnoides_22,43.61527778,-23.13055556,4
Pyxis_arachnoides_22,43.61527778,-23.13055556,4
Pyxis_arachnoides_22,43.61527778,-23.13055556,4
Pyxis_arachnoides_22,43.51138889,-23.00722222,8
Pyxis_arachnoides_22,43.47472222,-22.95138889,13
Pyxis_arachnoides_22,43.47472222,-22.95138889,13
Pyxis_arachnoides_22,43.46777778,-22.94555556,13
Pyxis_arachnoides_22,43.68805556,-23.94333333,15
Pyxis_arachnoides_22,43.68805556,-23.94333333,15
Pyxis_arachnoides_22,43.53388889,-22.96944444,22
Pyxis_arachnoides_22,43.73638889,-23.31611111,34
Pyxis_arachnoides_22,44.1,-24.3,224
Pyxis_arachnoides_22,44.1,-24.3,224
Pyxis_arachnoides_22,44.1,-24.3,224
Pyxis_arachnoides_22,43.55075,-22.95444,30
Scaphiophryne_gottlebei_65,45.275,-22.74016667,755
Scaphiophryne_gottlebei_65,45.275,-22.74016667,755
Scaphiophryne_gottlebei_65,45.275,-22.74016667,755
Scaphiophryne_gottlebei_65,45.275,-22.74016667,755
Scaphiophryne_gottlebei_65,45.275,-22.74016667,755
Scaphiophryne_gottlebei_65,45.25,-22.80116667,792
Scaphiophryne_gottlebei_65,45.25,-22.80116667,792
Scaphiophryne_gottlebei_65,45.25,-22.80116667,792
Scaphiophryne_gottlebei_65,45.25,-22.80116667,792
Scaphiophryne_gottlebei_65,45.25,-22.80116667,792
Scaphiophryne_gottlebei_65,45.25,-22.80116667,792
Scaphiophryne_gottlebei_65,45.25,-22.80116667,792
Scaphiophryne_gottlebei_65,45.25,-22.80116667,792
Scaphiophryne_gottlebei_65,45.236,-22.8085,863
Scaphiophryne_gottlebei_65,45.188,-22.83333333,943
Scaphiophryne_gottlebei_65,45.188,-22.83333333,943
Scaphiophryne_gottlebei_65,45.188,-22.83333333,943
Scaphiophryne_gottlebei_65,45.188,-22.83333333,943
Scaphiophryne_gottlebei_65,45.188,-22.83333333,943
Scaphiophryne_gottlebei_65,45.188,-22.83333333,943
Scaphiophryne_gottlebei_65,45.188,-22.83333333,943
Scaphiophryne_gottlebei_65,45.188,-22.83333333,943
Scaphiophryne_gottlebei_65,45.188,-22.83333333,943
Scaphiophryne_gottlebei_65,45.188,-22.83333333,943
Scaphiophryne_gottlebei_65,45.188,-22.83333333,943
Zonosaurus_madagascariensis_1,50.435,-15.26166667,14
Zonosaurus_madagascariensis_1,49.43,-17.28833333,15
Zonosaurus_madagascariensis_1,49.43,-17.28833333,15
Zonosaurus_madagascariensis_1,49.605,-13.25666667,714
Zonosaurus_madagascariensis_1,49.605,-13.25666667,714
Zonosaurus_madagascariensis_1,49.76166667,-14.43333333,773
Zonosaurus_madagascariensis_1,49.76166667,-14.43333333,773
Zonosaurus_madagascariensis_1,48.63333333,-17.5,951
Zonosaurus_madagascariensis_1,49.41666667,-14.53333333,1177
Zonosaurus_madagascariensis_1,49.44166667,-14.78333333,1360
Heterixalus_betsileo_11,47.0737778,-21.5774167,1153
Heterixalus_betsileo_11,47.0737778,-21.5774167,1153
Heterixalus_betsileo_11,47.0493889,-21.5496667,1153
Heterixalus_betsileo_11,47.0493889,-21.5496667,1153
Heterixalus_betsileo_11,47.0667778,-21.4638333,1170
Heterixalus_betsileo_11,47.0667778,-21.4638333,1170
Heterixalus_betsileo_11,47.0667778,-21.4638333,1170
Heterixalus_betsileo_11,47.0667778,-21.4638333,1170
Heterixalus_betsileo_11,47.0667778,-21.4638333,1170
Heterixalus_betsileo_11,47.0667778,-21.4638333,1170
Heterixalus_betsileo_11,47.0714444,-21.4569167,1157
Heterixalus_betsileo_11,47.1979444,-21.4215556,1085
Heterixalus_betsileo_11,47.1979444,-21.4215556,1085
Heterixalus_betsileo_11,47.1979444,-21.4215556,1085
Heterixalus_betsileo_11,47.1979444,-21.4215556,1085
Boophis_madagascariensis_a43,47.3964,-21.3201,1217
Boophis_madagascariensis_a43,47.3964,-21.3201,1217
Mantidactylus_betsileanus_4,47.59865556,-21.29612778,528
Boophis_madagascariensis_a43,47.429167,-21.288889,894
Boophis_madagascariensis_a43,47.429167,-21.288889,894
Boophis_madagascariensis_a43,47.429167,-21.288889,894
Boophis_madagascariensis_a43,47.429167,-21.288889,894
Boophis_madagascariensis_a43,47.429167,-21.288889,894
Boophis_madagascariensis_a43,47.429167,-21.288889,894
Boophis_madagascariensis_a43,47.4123833,-21.2654667,1162
Boophis_madagascariensis_a43,47.4123833,-21.2654667,1162
Boophis_madagascariensis_a43,47.4123833,-21.2654667,1162
Boophis_madagascariensis_a43,47.4123833,-21.2654667,1162
Boophis_madagascariensis_a43,47.4123833,-21.2654667,1162
Boophis_madagascariensis_a43,47.4123833,-21.2654667,1162
Boophis_madagascariensis_a43,47.4123833,-21.2654667,1162
Mantidactylus_betsileanus_4,47.445725,-21.26118333,894
Heterixalus_betsileo_5,47.40278,-21.25833,1162
Mantidactylus_melanopleura_a147,47.45,-21.25,894
Mantidactylus_melanopleura_a147,47.45,-21.25,894
Mantidactylus_melanopleura_a147,47.45,-21.25,894
Mantidactylus_melanopleura_a147,47.45,-21.25,894
Mantidactylus_melanopleura_a147,47.45,-21.25,894
Mantidactylus_melanopleura_a147,47.45,-21.25,894
Mantidactylus_betsileanus_4,47.45,-21.25,894
Mantidactylus_betsileanus_4,47.45,-21.25,894
Mantidactylus_betsileanus_4,47.45,-21.25,894
Mantidactylus_betsileanus_4,47.45,-21.25,894
Boophis_madagascariensis_a43,47.4262167,-21.2438667,1104
Boophis_madagascariensis_a43,47.4262167,-21.2438667,1104
Mantidactylus_melanopleura_a147,47.42621667,-21.24386667,1104
Mantidactylus_melanopleura_a147,47.42621667,-21.24386667,1104
Mantidactylus_melanopleura_a147,47.42621667,-21.24386667,1104
Mantidactylus_melanopleura_a147,47.42621667,-21.24386667,1104
Mantidactylus_betsileanus_4,47.42621667,-21.24386667,1104
Boophis_madagascariensis_a43,47.39683333,-21.23693333,1163
Boophis_madagascariensis_a43,47.52254722,-21.23531944,660
Mantidactylus_melanopleura_a147,47.52254722,-21.23531944,660
Mantidactylus_melanopleura_a147,47.52254722,-21.23531944,660
Mantidactylus_melanopleura_a147,47.52254722,-21.23531944,660
Mantidactylus_melanopleura_a147,47.52254722,-21.23531944,660
Mantidactylus_melanopleura_a147,47.52254722,-21.23531944,660
Mantidactylus_melanopleura_a147,47.52254722,-21.23531944,660
Mantidactylus_melanopleura_a147,47.52254722,-21.23531944,660
Heterixalus_betsileo_11,47.2237222,-21.1159722,1244
Heterixalus_betsileo_8,47.2237222,-21.1159722,1244
Heterixalus_betsileo_8,47.2237222,-21.1159722,1244
Heterixalus_betsileo_8,47.1346111,-20.9410833,1340
Heterixalus_betsileo_8,47.1346111,-20.9410833,1340
Heterixalus_betsileo_8,47.1346111,-20.9410833,1340
Boophis_madagascariensis_a43,48.41666667,-20.73333333,8
Mantidactylus_betsileanus_4,46.633,-20.5958,1423
Mantidactylus_betsileanus_4,46.633,-20.5958,1423
Mantidactylus_betsileanus_4,46.633,-20.5958,1423
Mantidactylus_betsileanus_4,46.633,-20.5958,1423
Mantidactylus_betsileanus_4,46.633,-20.5958,1423
Heterixalus_betsileo_8,47.156,-20.5304722,1353
Heterixalus_betsileo_8,47.156,-20.5304722,1353
Heterixalus_betsileo_8,47.156,-20.5304722,1353
Heterixalus_betsileo_8,47.2191111,-20.4470833,1305
Heterixalus_betsileo_8,47.2191111,-20.4470833,1305
Heterixalus_betsileo_8,47.2191111,-20.4470833,1305
Heterixalus_betsileo_8,47.2191111,-20.4470833,1305
Heterixalus_betsileo_8,47.2191111,-20.4470833,1305
Heterixalus_betsileo_8,47.3811111,-20.2321389,1435
Heterixalus_betsileo_8,47.3811111,-20.2321389,1435
Heterixalus_betsileo_8,47.3811111,-20.2321389,1435
Heterixalus_betsileo_8,47.3811111,-20.2321389,1435
Heterixalus_betsileo_8,47.3811111,-20.2321389,1435
Heterixalus_betsileo_8,47.3811111,-20.2321389,1435
Heterixalus_betsileo_8,47.3811111,-20.2321389,1435
Heterixalus_betsileo_8,47.3811111,-20.2321389,1435
Heterixalus_betsileo_8,47.3811111,-20.2321389,1435
Heterixalus_betsileo_8,47.0251111,-19.8578056,1502
Heterixalus_betsileo_8,47.0251111,-19.8578056,1502
Heterixalus_betsileo_8,47.0251111,-19.8578056,1502
Heterixalus_betsileo_8,47.0251111,-19.8578056,1502
Heterixalus_betsileo_8,47.0251111,-19.8578056,1502
Heterixalus_betsileo_8,47.0251111,-19.8578056,1502
Heterixalus_betsileo_8,47.0251111,-19.8578056,1502
Heterixalus_betsileo_8,47.0251111,-19.8578056,1502
Heterixalus_betsileo_8,47.0251111,-19.8578056,1502
Heterixalus_betsileo_8,47.0251111,-19.8578056,1502
Heterixalus_betsileo_8,47.0251111,-19.8578056,1502
Heterixalus_betsileo_8,47.0251111,-19.8578056,1502
Heterixalus_betsileo_8,47.0251111,-19.8578056,1502
Heterixalus_betsileo_8,47.0251111,-19.8578056,1502
Heterixalus_betsileo_8,47.0251111,-19.8578056,1502
Heterixalus_betsileo_8,47.0251111,-19.8578056,1502
Heterixalus_betsileo_5,47.8576111,-19.7261111,1399
Heterixalus_betsileo_5,47.7706333,-19.6800333,1535
Heterixalus_betsileo_8,46.5238056,-19.6529722,1069
Heterixalus_betsileo_8,46.5238056,-19.6529722,1069
Heterixalus_betsileo_5,48.20855,-19.4280167,691
Heterixalus_betsileo_5,48.20855,-19.4280167,691
Heterixalus_betsileo_5,48.20855,-19.4280167,691
Heterixalus_betsileo_5,48.20855,-19.4280167,691
Heterixalus_betsileo_5,48.50972,-18.96611,944
Heterixalus_betsileo_5,48.50972,-18.96611,944
Mantidactylus_betsileanus_4,48.23007,-18.94948,921
Mantidactylus_betsileanus_4,48.23007,-18.94948,921
Mantidactylus_betsileanus_4,48.23007,-18.94948,921
Mantidactylus_betsileanus_4,48.46666667,-18.93333333,915
Mantidactylus_betsileanus_4,48.4167,-18.9333,974
Mantidactylus_betsileanus_4,48.4167,-18.9333,974
Mantidactylus_betsileanus_4,48.4167,-18.9333,974
Mantidactylus_betsileanus_4,48.4167,-18.9333,974
Mantidactylus_betsileanus_4,48.4167,-18.9333,974
Mantidactylus_betsileanus_4,48.4167,-18.9333,974
Mantidactylus_betsileanus_4,48.4167,-18.9333,974
Mantidactylus_betsileanus_4,48.4167,-18.9333,974
Mantidactylus_betsileanus_4,48.4167,-18.9333,974
Mantidactylus_betsileanus_4,48.4167,-18.9333,974
Mantidactylus_betsileanus_4,48.4167,-18.9333,974
Mantidactylus_betsileanus_4,48.4167,-18.9333,974
Mantidactylus_betsileanus_4,48.4167,-18.9333,974
Heterixalus_betsileo_5,48.4167,-18.9333,974
Heterixalus_betsileo_5,48.47,-18.93,915
Heterixalus_betsileo_5,48.47,-18.93,915
Mantidactylus_betsileanus_4,47.933,-18.917,1191
Mantidactylus_betsileanus_4,48.36666667,-18.87472222,969
Mantidactylus_betsileanus_4,48.36666667,-18.87472222,969
Boophis_madagascariensis_a43,48.4587,-18.835,1006
Boophis_madagascariensis_a43,48.4587,-18.835,1006
Mantidactylus_betsileanus_4,48.4587,-18.835,1006
Mantidactylus_betsileanus_4,48.2929,-18.5699,1019
Mantidactylus_betsileanus_4,48.2929,-18.5699,1019
Heterixalus_madagascariensis_2,49.75302778,-16.69233333,22
Heterixalus_madagascariensis_2,49.75302778,-16.69233333,22
Heterixalus_madagascariensis_2,49.74147,-15.42698,9
Heterixalus_madagascariensis_2,49.74147,-15.42698,9
Heterixalus_madagascariensis_2,49.74147,-15.42698,9
Heterixalus_madagascariensis_2,49.74147,-15.42698,9
Heterixalus_madagascariensis_2,49.74147,-15.42698,9
Heterixalus_madagascariensis_2,49.74147,-15.42698,9
Heterixalus_madagascariensis_2,49.74147,-15.42698,9
Heterixalus_madagascariensis_2,49.74147,-15.42698,9
Heterixalus_madagascariensis_2,49.74147,-15.42698,9
Heterixalus_madagascariensis_2,49.62708333,-15.28616667,161
Heterixalus_madagascariensis_2,49.62708333,-15.28616667,161
Heterixalus_madagascariensis_2,49.62708333,-15.28616667,161
Heterixalus_madagascariensis_2,49.62708333,-15.28616667,161
Heterixalus_madagascariensis_2,49.62708333,-15.28616667,161
Heterixalus_madagascariensis_2,50.15,-14.25,15
Heterixalus_madagascariensis_2,50.15,-14.25,15
Heterixalus_madagascariensis_2,50.15,-14.25,15
Heterixalus_madagascariensis_2,50.15,-14.25,15
Heterixalus_betsileo_5,48.20855,-19.4280167,691
Heterixalus_betsileo_5,48.20855,-19.4280167,691
Heterixalus_betsileo_5,48.20855,-19.4280167,691
Heterixalus_betsileo_8,47.1821389,-20.7718611,1680